﻿Area Name,FIPS,Land Area (sq mi.)
UNITED STATES,00000,3787425.08
ALABAMA,01000,52422.94
"Autauga, AL",01001,604.49
"Baldwin, AL",01003,2027.08
"Barbour, AL",01005,904.59
"Bibb, AL",01007,625.5
"Blount, AL",01009,650.65
"Bullock, AL",01011,626.11
"Butler, AL",01013,777.99
"Calhoun, AL",01015,612.35
"Chambers, AL",01017,603.15
"Cherokee, AL",01019,600
"Chilton, AL",01021,700.8
"Choctaw, AL",01023,920.91
"Clarke, AL",01025,1252.6
"Clay, AL",01027,606.05
"Cleburne, AL",01029,561.06
"Coffee, AL",01031,680.52
"Colbert, AL",01033,623.66
"Conecuh, AL",01035,852.58
"Coosa, AL",01037,666.41
"Covington, AL",01039,1043.95
"Crenshaw, AL",01041,610.91
"Cullman, AL",01043,754.86
"Dale, AL",01045,562.72
"Dallas, AL",01047,993.46
"DeKalb, AL",01049,778.71
"Elmore, AL",01051,657.26
"Escambia, AL",01053,953.04
"Etowah, AL",01055,548.81
"Fayette, AL",01057,629.38
"Franklin, AL",01059,646.55
"Geneva, AL",01061,578.96
"Greene, AL",01063,659.99
"Hale, AL",01065,656.52
"Henry, AL",01067,568.38
"Houston, AL",01069,581.71
"Jackson, AL",01071,1126.82
"Jefferson, AL",01073,1123.87
"Lamar, AL",01075,605.51
"Lauderdale, AL",01077,718.84
"Lawrence, AL",01079,718.13
"Lee, AL",01081,615.61
"Limestone, AL",01083,607.12
"Lowndes, AL",01085,725.09
"Macon, AL",01087,613.29
"Madison, AL",01089,812.89
"Marengo, AL",01091,982.92
"Marion, AL",01093,743.62
"Marshall, AL",01095,623.21
"Mobile, AL",01097,1644.14
"Monroe, AL",01099,1034.62
"Montgomery, AL",01101,799.81
"Morgan, AL",01103,599.09
"Perry, AL",01105,724.13
"Pickens, AL",01107,890.1
"Pike, AL",01109,672.15
"Randolph, AL",01111,584.15
"Russell, AL",01113,647.44
"St. Clair, AL",01115,653.66
"Shelby, AL",01117,809.6
"Sumter, AL",01119,913.35
"Talladega, AL",01121,760.32
"Tallapoosa, AL",01123,766.3
"Tuscaloosa, AL",01125,1352.03
"Walker, AL",01127,805.36
"Washington, AL",01129,1088.62
"Wilcox, AL",01131,907.54
"Winston, AL",01133,631.9
ALASKA,02000,656424.14
"Aleutians East, AK",02013,15011.77
"Aleutians West, AK",02016,14114.7
"Anchorage, AK",02020,1961.51
"Bethel, AK",02050,45954.59
"Bristol Bay, AK",02060,917.61
"Denali, AK",02068,0
"Dillingham, AK",02070,20613.12
"Fairbanks North Star, AK",02090,7443.68
"Haines, AK",02100,2754.1
"Hoonah-Angoon, AK",02105,17500.23
"Juneau, AK",02110,3081.12
"Kenai Peninsula, AK",02122,21664.33
"Ketchikan Gateway, AK",02130,1743.55
"Kodiak Island, AK",02150,11845.9
"Lake and Peninsula, AK",02164,29008.24
"Matanuska-Susitna, AK",02170,25232.41
"Nome, AK",02180,28276.17
"North Slope, AK",02185,93823.1
"Northwest Arctic, AK",02188,40660.96
"Petersburg, AK",02195,8973.77
"Prince of Wales-Hyder, AK",02198,12566.41
"Sitka, AK",02220,4849.75
"Skagway, AK",02230,0
"Southeast Fairbanks, AK",02240,26235.44
"Valdez-Cordova, AK",02261,43515.67
"Wade Hampton, AK",02270,19680.08
"Wrangell, AK",02275,0
"Yakutat, AK",02282,0
"Yukon-Koyukuk, AK",02290,158995.95
ARIZONA,04000,114006.26
"Apache, AZ",04001,11219.17
"Cochise, AZ",04003,6219.32
"Coconino, AZ",04005,18662.57
"Gila, AZ",04007,4796.14
"Graham, AZ",04009,4641.47
"Greenlee, AZ",04011,1848.55
"La Paz, AZ",04012,4513.66
"Maricopa, AZ",04013,9224.86
"Mohave, AZ",04015,13470.5
"Navajo, AZ",04017,9960.22
"Pima, AZ",04019,9189.44
"Pinal, AZ",04021,5374.49
"Santa Cruz, AZ",04023,1238.22
"Yavapai, AZ",04025,8128.33
"Yuma, AZ",04027,5519.32
ARKANSAS,05000,53182.36
"Arkansas, AR",05001,1033.85
"Ashley, AR",05003,939.16
"Baxter, AR",05005,586.78
"Benton, AR",05007,876.82
"Boone, AR",05009,601.86
"Bradley, AR",05011,654.43
"Calhoun, AR",05013,632.59
"Carroll, AR",05015,642.33
"Chicot, AR",05017,690.93
"Clark, AR",05019,882.68
"Clay, AR",05021,641.47
"Cleburne, AR",05023,591.95
"Cleveland, AR",05025,598.84
"Columbia, AR",05027,766.94
"Conway, AR",05029,566.71
"Craighead, AR",05031,713.03
"Crawford, AR",05033,604.24
"Crittenden, AR",05035,636.73
"Cross, AR",05037,622.38
"Dallas, AR",05039,668.21
"Desha, AR",05041,819.57
"Drew, AR",05043,835.71
"Faulkner, AR",05045,664.05
"Franklin, AR",05047,619.72
"Fulton, AR",05049,620.36
"Garland, AR",05051,734.61
"Grant, AR",05053,633.06
"Greene, AR",05055,579.69
"Hempstead, AR",05057,741.42
"Hot Spring, AR",05059,622.2
"Howard, AR",05061,595.24
"Independence, AR",05063,771.64
"Izard, AR",05065,584.07
"Jackson, AR",05067,641.5
"Jefferson, AR",05069,913.75
"Johnson, AR",05071,682.78
"Lafayette, AR",05073,545.11
"Lawrence, AR",05075,592.39
"Lee, AR",05077,619.5
"Lincoln, AR",05079,572.21
"Little River, AR",05081,564.9
"Logan, AR",05083,731.55
"Lonoke, AR",05085,802.48
"Madison, AR",05087,837.13
"Marion, AR",05089,640.38
"Miller, AR",05091,637.53
"Mississippi, AR",05093,919.8
"Monroe, AR",05095,621.46
"Montgomery, AR",05097,800.34
"Nevada, AR",05099,620.83
"Newton, AR",05101,823.24
"Ouachita, AR",05103,739.7
"Perry, AR",05105,560.51
"Phillips, AR",05107,727.34
"Pike, AR",05109,613.93
"Poinsett, AR",05111,763.44
"Polk, AR",05113,862.47
"Pope, AR",05115,830.84
"Prairie, AR",05117,675.81
"Pulaski, AR",05119,807.91
"Randolph, AR",05121,656.08
"St. Francis, AR",05123,642.44
"Saline, AR",05125,730.5
"Scott, AR",05127,898.15
"Searcy, AR",05129,668.56
"Sebastian, AR",05131,546.07
"Sevier, AR",05133,581.38
"Sharp, AR",05135,606.39
"Stone, AR",05137,609.47
"Union, AR",05139,1055.36
"Van Buren, AR",05141,724.36
"Washington, AR",05143,956.07
"White, AR",05145,1042.43
"Woodruff, AR",05147,594.09
"Yell, AR",05149,948.89
CALIFORNIA,06000,163707.15
"Alameda, CA",06001,821.26
"Alpine, CA",06003,743.23
"Amador, CA",06005,604.26
"Butte, CA",06007,1677.22
"Calaveras, CA",06009,1036.92
"Colusa, CA",06011,1156.32
"Contra Costa, CA",06013,802.18
"Del Norte, CA",06015,1229.84
"El Dorado, CA",06017,1791.29
"Fresno, CA",06019,6017.89
"Glenn, CA",06021,1327.25
"Humboldt, CA",06023,4052.52
"Imperial, CA",06025,4482.08
"Inyo, CA",06027,10227.75
"Kern, CA",06029,8162.03
"Kings, CA",06031,1391.58
"Lake, CA",06033,1329.59
"Lassen, CA",06035,4720.61
"Los Angeles, CA",06037,4752.32
"Madera, CA",06039,2153.39
"Marin, CA",06041,828.22
"Mariposa, CA",06043,1462.89
"Mendocino, CA",06045,3878.5
"Merced, CA",06047,1972.02
"Modoc, CA",06049,4203.62
"Mono, CA",06051,3131.89
"Monterey, CA",06053,3771.11
"Napa, CA",06055,788.34
"Nevada, CA",06057,974.54
"Orange, CA",06059,947.91
"Placer, CA",06061,1500.24
"Plumas, CA",06063,2613.75
"Riverside, CA",06065,7303.81
"Sacramento, CA",06067,995.65
"San Benito, CA",06069,1390.81
"San Bernardino, CA",06071,20106.39
"San Diego, CA",06073,4525.92
"San Francisco, CA",06075,231.89
"San Joaquin, CA",06077,1426.37
"San Luis Obispo, CA",06079,3615.73
"San Mateo, CA",06081,741.07
"Santa Barbara, CA",06083,3789.56
"Santa Clara, CA",06085,1304.53
"Santa Cruz, CA",06087,607.72
"Shasta, CA",06089,3847.61
"Sierra, CA",06091,962.03
"Siskiyou, CA",06093,6347.81
"Solano, CA",06095,906.85
"Sonoma, CA",06097,1768.35
"Stanislaus, CA",06099,1514.8
"Sutter, CA",06101,608.86
"Tehama, CA",06103,2962.3
"Trinity, CA",06105,3207.79
"Tulare, CA",06107,4839.41
"Tuolumne, CA",06109,2274.52
"Ventura, CA",06111,2208.36
"Yolo, CA",06113,1022.87
"Yuba, CA",06115,643.55
COLORADO,08000,104100.32
"Adams, CO",08001,1197.83
"Alamosa, CO",08003,723.59
"Arapahoe, CO",08005,805.47
"Archuleta, CO",08007,1354.65
"Baca, CO",08009,2557.24
"Bent, CO",08011,1541.25
"Boulder, CO",08013,751.4
"Broomfield, CO",08014,0
"Chaffee, CO",08015,1015.07
"Cheyenne, CO",08017,1781.5
"Clear Creek, CO",08019,396.47
"Conejos, CO",08021,1290.99
"Costilla, CO",08023,1230.55
"Crowley, CO",08025,800.38
"Custer, CO",08027,739.95
"Delta, CO",08029,1148.61
"Denver, CO",08031,154.88
"Dolores, CO",08033,1068.14
"Douglas, CO",08035,842.81
"Eagle, CO",08037,1691.89
"Elbert, CO",08039,1851.01
"El Paso, CO",08041,2129.71
"Fremont, CO",08043,1534.06
"Garfield, CO",08045,2956.08
"Gilpin, CO",08047,150.26
"Grand, CO",08049,1869.7
"Gunnison, CO",08051,3259.94
"Hinsdale, CO",08053,1123.22
"Huerfano, CO",08055,1593.36
"Jackson, CO",08057,1621.05
"Jefferson, CO",08059,778.2
"Kiowa, CO",08061,1785.87
"Kit Carson, CO",08063,2161.71
"Lake, CO",08065,383.93
"La Plata, CO",08067,1700.03
"Larimer, CO",08069,2634
"Las Animas, CO",08071,4775.74
"Lincoln, CO",08073,2586.56
"Logan, CO",08075,1844.96
"Mesa, CO",08077,3341.28
"Mineral, CO",08079,877.82
"Moffat, CO",08081,4751.21
"Montezuma, CO",08083,2040.08
"Montrose, CO",08085,2242.71
"Morgan, CO",08087,1293.97
"Otero, CO",08089,1269.81
"Ouray, CO",08091,542.26
"Park, CO",08093,2210.82
"Phillips, CO",08095,687.78
"Pitkin, CO",08097,973.28
"Prowers, CO",08099,1644.46
"Pueblo, CO",08101,2397.86
"Rio Blanco, CO",08103,3223.1
"Rio Grande, CO",08105,913.13
"Routt, CO",08107,2368.19
"Saguache, CO",08109,3170.46
"San Juan, CO",08111,388.31
"San Miguel, CO",08113,1288.54
"Sedgwick, CO",08115,549.64
"Summit, CO",08117,619.29
"Teller, CO",08119,558.99
"Washington, CO",08121,2524.29
"Weld, CO",08123,4021.76
"Yuma, CO",08125,2369.22
CONNECTICUT,09000,5543.65
"Fairfield, CT",09001,837.01
"Hartford, CT",09003,750.61
"Litchfield, CT",09005,944.63
"Middlesex, CT",09007,439.07
"New Haven, CT",09009,862.06
"New London, CT",09011,771.71
"Tolland, CT",09013,417.03
"Windham, CT",09015,521.51
DELAWARE,10000,2489.38
"Kent, DE",10001,800.14
"New Castle, DE",10003,493.53
"Sussex, DE",10005,1195.7
DISTRICT OF COLUMBIA,11000,68.36
District of Columbia,11001,68.36
FLORIDA,12000,65758.08
"Alachua, FL",12001,969.18
"Baker, FL",12003,588.92
"Bay, FL",12005,1033.35
"Bradford, FL",12007,300.06
"Brevard, FL",12009,1557.25
"Broward, FL",12011,1319.74
"Calhoun, FL",12013,574.38
"Charlotte, FL",12015,859.28
"Citrus, FL",12017,773.24
"Clay, FL",12019,643.73
"Collier, FL",12021,2305.09
"Columbia, FL",12023,801.12
"DeSoto, FL",12027,639.55
"Dixie, FL",12029,863.71
"Duval, FL",12031,918.28
"Escambia, FL",12033,893.94
"Flagler, FL",12035,570.79
"Franklin, FL",12037,1026.45
"Gadsden, FL",12039,528.51
"Gilchrist, FL",12041,355.49
"Glades, FL",12043,986.19
"Gulf, FL",12045,755.78
"Hamilton, FL",12047,519.35
"Hardee, FL",12049,638.38
"Hendry, FL",12051,1189.89
"Hernando, FL",12053,589.12
"Highlands, FL",12055,1106.36
"Hillsborough, FL",12057,1266.36
"Holmes, FL",12059,488.75
"Indian River, FL",12061,616.97
"Jackson, FL",12063,954.67
"Jefferson, FL",12065,636.68
"Lafayette, FL",12067,547.96
"Lake, FL",12069,1156.51
"Lee, FL",12071,1212
"Leon, FL",12073,701.83
"Levy, FL",12075,1412.41
"Liberty, FL",12077,843.22
"Madison, FL",12079,715.89
"Manatee, FL",12081,892.84
"Marion, FL",12083,1663.1
"Martin, FL",12085,752.86
"Miami-Dade, FL",12086,2429.59
"Monroe, FL",12087,3737.42
"Nassau, FL",12089,725.9
"Okaloosa, FL",12091,1082.09
"Okeechobee, FL",12093,891.98
"Orange, FL",12095,1004.31
"Osceola, FL",12097,1506.49
"Palm Beach, FL",12099,2386.53
"Pasco, FL",12101,868.02
"Pinellas, FL",12103,607.75
"Polk, FL",12105,2010.19
"Putnam, FL",12107,827.22
"St. Johns, FL",12109,821.47
"St. Lucie, FL",12111,688.13
"Santa Rosa, FL",12113,1155.31
"Sarasota, FL",12115,725.27
"Seminole, FL",12117,344.9
"Sumter, FL",12119,580.35
"Suwannee, FL",12121,691.94
"Taylor, FL",12123,1232.05
"Union, FL",12125,249.72
"Volusia, FL",12127,1432.51
"Wakulla, FL",12129,735.78
"Walton, FL",12131,1238.13
"Washington, FL",12133,615.84
GEORGIA,13000,59441.22
"Appling, GA",13001,512.15
"Atkinson, GA",13003,344.12
"Bacon, GA",13005,285.94
"Baker, GA",13007,349.19
"Baldwin, GA",13009,267.52
"Banks, GA",13011,233.88
"Barrow, GA",13013,162.85
"Bartow, GA",13015,470.56
"Ben Hill, GA",13017,254.04
"Berrien, GA",13019,457.81
"Bibb, GA",13021,255.17
"Bleckley, GA",13023,219.14
"Brantley, GA",13025,447.44
"Brooks, GA",13027,497.81
"Bryan, GA",13029,454.54
"Bulloch, GA",13031,688.92
"Burke, GA",13033,835.06
"Butts, GA",13035,190.02
"Calhoun, GA",13037,283.59
"Camden, GA",13039,782.52
"Candler, GA",13043,248.85
"Carroll, GA",13045,503.86
"Catoosa, GA",13047,162.67
"Charlton, GA",13049,783.01
"Chatham, GA",13051,646.32
"Chattahoochee, GA",13053,251.19
"Chattooga, GA",13055,313.97
"Cherokee, GA",13057,434.03
"Clarke, GA",13059,121.29
"Clay, GA",13061,217.01
"Clayton, GA",13063,144.29
"Clinch, GA",13065,824.24
"Cobb, GA",13067,344.54
"Coffee, GA",13069,602.67
"Colquitt, GA",13071,556.59
"Columbia, GA",13073,307.8
"Cook, GA",13075,233.24
"Coweta, GA",13077,446.01
"Crawford, GA",13079,326.48
"Crisp, GA",13081,281.21
"Dade, GA",13083,174.1
"Dawson, GA",13085,213.95
"Decatur, GA",13087,623.2
"DeKalb, GA",13089,270.94
"Dodge, GA",13091,503.2
"Dooly, GA",13093,397.15
"Dougherty, GA",13095,334.67
"Douglas, GA",13097,200.27
"Early, GA",13099,516.31
"Echols, GA",13101,420.83
"Effingham, GA",13103,482.89
"Elbert, GA",13105,374.57
"Emanuel, GA",13107,690.4
"Evans, GA",13109,186.9
"Fannin, GA",13111,391.46
"Fayette, GA",13113,199.27
"Floyd, GA",13115,518.5
"Forsyth, GA",13117,247.38
"Franklin, GA",13119,266.38
"Fulton, GA",13121,534.59
"Gilmer, GA",13123,431.85
"Glascock, GA",13125,144.46
"Glynn, GA",13127,583.07
"Gordon, GA",13129,357.63
"Grady, GA",13131,460.37
"Greene, GA",13133,406.28
"Gwinnett, GA",13135,436.74
"Habersham, GA",13137,279.21
"Hall, GA",13139,429.21
"Hancock, GA",13141,478.8
"Haralson, GA",13143,283.19
"Harris, GA",13145,472.97
"Hart, GA",13147,256.43
"Heard, GA",13149,301.11
"Henry, GA",13151,324.49
"Houston, GA",13153,379.87
"Irwin, GA",13155,362.75
"Jackson, GA",13157,343.02
"Jasper, GA",13159,373.6
"Jeff Davis, GA",13161,335.46
"Jefferson, GA",13163,529.6
"Jenkins, GA",13165,352.48
"Johnson, GA",13167,306.54
"Jones, GA",13169,395.41
"Lamar, GA",13171,185.81
"Lanier, GA",13173,199.84
"Laurens, GA",13175,818.56
"Lee, GA",13177,362.03
"Liberty, GA",13179,602.58
"Lincoln, GA",13181,257.31
"Long, GA",13183,403.53
"Lowndes, GA",13185,510.66
"Lumpkin, GA",13187,284.89
"McDuffie, GA",13189,266.32
"McIntosh, GA",13191,574.76
"Macon, GA",13193,405.99
"Madison, GA",13195,285.6
"Marion, GA",13197,367.53
"Meriwether, GA",13199,505.39
"Miller, GA",13201,283.74
"Mitchell, GA",13205,513.84
"Monroe, GA",13207,397.83
"Montgomery, GA",13209,247.34
"Morgan, GA",13211,354.62
"Murray, GA",13213,346.9
"Muscogee, GA",13215,221.02
"Newton, GA",13217,279.21
"Oconee, GA",13219,186.15
"Oglethorpe, GA",13221,442.2
"Paulding, GA",13223,315.09
"Peach, GA",13225,151.47
"Pickens, GA",13227,232.8
"Pierce, GA",13229,343.67
"Pike, GA",13231,219.45
"Polk, GA",13233,312.16
"Pulaski, GA",13235,249.87
"Putnam, GA",13237,360.66
"Quitman, GA",13239,160.93
"Rabun, GA",13241,377.01
"Randolph, GA",13243,430.92
"Richmond, GA",13245,328.5
"Rockdale, GA",13247,132.13
"Schley, GA",13249,167.83
"Screven, GA",13251,655.66
"Seminole, GA",13253,256.58
"Spalding, GA",13255,199.61
"Stephens, GA",13257,184.24
"Stewart, GA",13259,463.26
"Sumter, GA",13261,492.58
"Talbot, GA",13263,394.77
"Taliaferro, GA",13265,195.48
"Tattnall, GA",13267,488.27
"Taylor, GA",13269,379.65
"Telfair, GA",13271,444.12
"Terrell, GA",13273,337.65
"Thomas, GA",13275,552.13
"Tift, GA",13277,268.88
"Toombs, GA",13279,368.67
"Towns, GA",13281,171.87
"Treutlen, GA",13283,202.22
"Troup, GA",13285,445.99
"Turner, GA",13287,289.87
"Twiggs, GA",13289,362.92
"Union, GA",13291,329.19
"Upson, GA",13293,327.67
"Walker, GA",13295,446.74
"Walton, GA",13297,330.07
"Ware, GA",13299,906.62
"Warren, GA",13301,286.76
"Washington, GA",13303,684.43
"Wayne, GA",13305,648.85
"Webster, GA",13307,210.27
"Wheeler, GA",13309,300.16
"White, GA",13311,242.18
"Whitfield, GA",13313,290.68
"Wilcox, GA",13315,383.32
"Wilkes, GA",13317,474.03
"Wilkinson, GA",13319,452.03
"Worth, GA",13321,574.61
HAWAII,15000,10931.58
"Hawaii, HI",15001,5086.97
"Honolulu, HI",15003,2126.98
"Kalawao, HI",15005,52.33
"Kauai, HI",15007,1266.45
"Maui, HI",15009,2398.87
IDAHO,16000,83573.77
"Ada, ID",16001,1060.38
"Adams, ID",16003,1370.11
"Bannock, ID",16005,1147.5
"Bear Lake, ID",16007,1049.49
"Benewah, ID",16009,784.01
"Bingham, ID",16011,2120.34
"Blaine, ID",16013,2661.14
"Boise, ID",16015,1906.81
"Bonner, ID",16017,1919.62
"Bonneville, ID",16019,1900.74
"Boundary, ID",16021,1278.2
"Butte, ID",16023,2233.66
"Camas, ID",16025,1079.06
"Canyon, ID",16027,603.52
"Caribou, ID",16029,1798.73
"Cassia, ID",16031,2580.45
"Clark, ID",16033,1765.28
"Clearwater, ID",16035,2488.26
"Custer, ID",16037,4936.92
"Elmore, ID",16039,3100.69
"Franklin, ID",16041,668.4
"Fremont, ID",16043,1895.67
"Gem, ID",16045,565.77
"Gooding, ID",16047,733.89
"Idaho, ID",16049,8502.78
"Jefferson, ID",16051,1105.62
"Jerome, ID",16053,601.91
"Kootenai, ID",16055,1315.77
"Latah, ID",16057,1076.94
"Lemhi, ID",16059,4569.68
"Lewis, ID",16061,479.83
"Lincoln, ID",16063,1205.92
"Madison, ID",16065,473.39
"Minidoka, ID",16067,763.03
"Nez Perce, ID",16069,856.4
"Oneida, ID",16071,1201.69
"Owyhee, ID",16073,7697.11
"Payette, ID",16075,410.19
"Power, ID",16077,1442.69
"Shoshone, ID",16079,2635.6
"Teton, ID",16081,450.6
"Twin Falls, ID",16083,1928.57
"Valley, ID",16085,3733.85
"Washington, ID",16087,1473.6
ILLINOIS,17000,57917.84
"Adams, IL",17001,871.32
"Alexander, IL",17003,252.55
"Bond, IL",17005,382.67
"Boone, IL",17007,281.96
"Brown, IL",17009,307.26
"Bureau, IL",17011,873.36
"Calhoun, IL",17013,283.71
"Carroll, IL",17015,465.81
"Cass, IL",17017,383.76
"Champaign, IL",17019,997.56
"Christian, IL",17021,715.71
"Clark, IL",17023,504.91
"Clay, IL",17025,469.87
"Clinton, IL",17027,503.5
"Coles, IL",17029,510.1
"Cook, IL",17031,1634.89
"Crawford, IL",17033,445.77
"Cumberland, IL",17035,347.02
"DeKalb, IL",17037,635.02
"De Witt, IL",17039,405.18
"Douglas, IL",17041,417.44
"DuPage, IL",17043,336.87
"Edgar, IL",17045,624.22
"Edwards, IL",17047,222.67
"Effingham, IL",17049,479.93
"Fayette, IL",17051,725.39
"Ford, IL",17053,486.44
"Franklin, IL",17055,431.42
"Fulton, IL",17057,882.66
"Gallatin, IL",17059,328.42
"Greene, IL",17061,546.37
"Grundy, IL",17063,430.44
"Hamilton, IL",17065,435.86
"Hancock, IL",17067,814.58
"Hardin, IL",17069,181.54
"Henderson, IL",17071,395.15
"Henry, IL",17073,825.64
"Iroquois, IL",17075,1118.11
"Jackson, IL",17077,602.54
"Jasper, IL",17079,498.06
"Jefferson, IL",17081,583.74
"Jersey, IL",17083,377.05
"Jo Daviess, IL",17085,618.79
"Johnson, IL",17087,348.89
"Kane, IL",17089,524.12
"Kankakee, IL",17091,681.49
"Kendall, IL",17093,322.69
"Knox, IL",17095,719.74
"Lake, IL",17097,1368.05
"LaSalle, IL",17099,1148.12
"Lawrence, IL",17101,373.97
"Lee, IL",17103,729.34
"Livingston, IL",17105,1045.49
"Logan, IL",17107,619.04
"McDonough, IL",17109,590.06
"McHenry, IL",17111,611.18
"McLean, IL",17113,1186.33
"Macon, IL",17115,585.4
"Macoupin, IL",17117,867.65
"Madison, IL",17119,740.39
"Marion, IL",17121,575.73
"Marshall, IL",17123,398.53
"Mason, IL",17125,563.41
"Massac, IL",17127,242.13
"Menard, IL",17129,315.4
"Mercer, IL",17131,568.91
"Monroe, IL",17133,397.73
"Montgomery, IL",17135,709.79
"Morgan, IL",17137,572.29
"Moultrie, IL",17139,344.48
"Ogle, IL",17141,763.33
"Peoria, IL",17143,630.91
"Perry, IL",17145,446.84
"Piatt, IL",17147,440.35
"Pike, IL",17149,848.92
"Pope, IL",17151,374.65
"Pulaski, IL",17153,203.34
"Putnam, IL",17155,172.25
"Randolph, IL",17157,597.29
"Richland, IL",17159,362.03
"Rock Island, IL",17161,451.19
"St. Clair, IL",17163,673.99
"Saline, IL",17165,386.99
"Sangamon, IL",17167,877.11
"Schuyler, IL",17169,441.43
"Scott, IL",17171,252.79
"Shelby, IL",17173,768.09
"Stark, IL",17175,288.23
"Stephenson, IL",17177,564.78
"Tazewell, IL",17179,657.94
"Union, IL",17181,422.15
"Vermilion, IL",17183,902.18
"Wabash, IL",17185,227.78
"Warren, IL",17187,543.21
"Washington, IL",17189,564.15
"Wayne, IL",17191,715.6
"White, IL",17193,501.72
"Whiteside, IL",17195,697.06
"Will, IL",17197,849.45
"Williamson, IL",17199,444.4
"Winnebago, IL",17201,519.33
"Woodford, IL",17203,542.78
INDIANA,18000,36420.09
"Adams, IN",18001,339.95
"Allen, IN",18003,660.14
"Bartholomew, IN",18005,409.38
"Benton, IN",18007,406.42
"Blackford, IN",18009,165.42
"Boone, IN",18011,423.31
"Brown, IN",18013,316.65
"Carroll, IN",18015,375.06
"Cass, IN",18017,414.95
"Clark, IN",18019,376.23
"Clay, IN",18021,360.42
"Clinton, IN",18023,405.3
"Crawford, IN",18025,308.87
"Daviess, IN",18027,436.89
"Dearborn, IN",18029,307.08
"Decatur, IN",18031,373.44
"DeKalb, IN",18033,363.87
"Delaware, IN",18035,395.95
"Dubois, IN",18037,435.25
"Elkhart, IN",18039,467.87
"Fayette, IN",18041,215.14
"Floyd, IN",18043,148.33
"Fountain, IN",18045,397.95
"Franklin, IN",18047,391.36
"Fulton, IN",18049,371.39
"Gibson, IN",18051,499.08
"Grant, IN",18053,414.84
"Greene, IN",18055,545.95
"Hamilton, IN",18057,402.75
"Hancock, IN",18059,306.75
"Harrison, IN",18061,486.91
"Hendricks, IN",18063,408.9
"Henry, IN",18065,394.93
"Howard, IN",18067,293.94
"Huntington, IN",18069,387.95
"Jackson, IN",18071,513.79
"Jasper, IN",18073,561.26
"Jay, IN",18075,383.84
"Jefferson, IN",18077,362.97
"Jennings, IN",18079,378.38
"Johnson, IN",18081,321.58
"Knox, IN",18083,524.08
"Kosciusko, IN",18085,554.36
"LaGrange, IN",18087,386.73
"Lake, IN",18089,626.38
"LaPorte, IN",18091,613.09
"Lawrence, IN",18093,452.1
"Madison, IN",18095,452.94
"Marion, IN",18097,403.11
"Marshall, IN",18099,449.95
"Martin, IN",18101,340.55
"Miami, IN",18103,377.38
"Monroe, IN",18105,411.34
"Montgomery, IN",18107,505.39
"Morgan, IN",18109,409.41
"Newton, IN",18111,403.56
"Noble, IN",18113,417.63
"Ohio, IN",18115,87.48
"Orange, IN",18117,408.23
"Owen, IN",18119,387.85
"Parke, IN",18121,450.12
"Perry, IN",18123,386.36
"Pike, IN",18125,341.1
"Porter, IN",18127,521.64
"Posey, IN",18129,419.47
"Pulaski, IN",18131,434.59
"Putnam, IN",18133,482.61
"Randolph, IN",18135,453.27
"Ripley, IN",18137,447.95
"Rush, IN",18139,408.65
"St. Joseph, IN",18141,460.97
"Scott, IN",18143,192.74
"Shelby, IN",18145,413.14
"Spencer, IN",18147,401.26
"Starke, IN",18149,312.33
"Steuben, IN",18151,322.5
"Sullivan, IN",18153,454.08
"Switzerland, IN",18155,223.54
"Tippecanoe, IN",18157,503.12
"Tipton, IN",18159,260.43
"Union, IN",18161,165.26
"Vanderburgh, IN",18163,235.76
"Vermillion, IN",18165,259.95
"Vigo, IN",18167,410.5
"Wabash, IN",18169,421.1
"Warren, IN",18171,366.63
"Warrick, IN",18173,390.87
"Washington, IN",18175,516.57
"Wayne, IN",18177,404.38
"Wells, IN",18179,370.43
"White, IN",18181,508.82
"Whitley, IN",18183,337.91
IOWA,19000,56275.54
"Adair, IA",19001,570.33
"Adams, IA",19003,425.42
"Allamakee, IA",19005,658.75
"Appanoose, IA",19007,516.39
"Audubon, IA",19009,443.6
"Benton, IA",19011,718.52
"Black Hawk, IA",19013,571.96
"Boone, IA",19015,573.54
"Bremer, IA",19017,439.64
"Buchanan, IA",19019,573.38
"Buena Vista, IA",19021,580.1
"Butler, IA",19023,581.6
"Calhoun, IA",19025,572.33
"Carroll, IA",19027,570.27
"Cass, IA",19029,565.03
"Cedar, IA",19031,582.01
"Cerro Gordo, IA",19033,575.18
"Cherokee, IA",19035,577.38
"Chickasaw, IA",19037,505.53
"Clarke, IA",19039,431.75
"Clay, IA",19041,572.56
"Clayton, IA",19043,792.85
"Clinton, IA",19045,710.26
"Crawford, IA",19047,715.04
"Dallas, IA",19049,591.77
"Davis, IA",19051,504.93
"Decatur, IA",19053,533.36
"Delaware, IA",19055,579.08
"Des Moines, IA",19057,429.83
"Dickinson, IA",19059,403.71
"Dubuque, IA",19061,616.63
"Emmet, IA",19063,402.4
"Fayette, IA",19065,731.47
"Floyd, IA",19067,501.33
"Franklin, IA",19069,583.06
"Fremont, IA",19071,516.79
"Greene, IA",19073,571.16
"Grundy, IA",19075,502.58
"Guthrie, IA",19077,593.09
"Hamilton, IA",19079,577.47
"Hancock, IA",19081,573.18
"Hardin, IA",19083,569.99
"Harrison, IA",19085,700.99
"Henry, IA",19087,436.71
"Howard, IA",19089,473.8
"Humboldt, IA",19091,435.75
"Ida, IA",19093,432.26
"Iowa, IA",19095,587.39
"Jackson, IA",19097,649.81
"Jasper, IA",19099,732.97
"Jefferson, IA",19101,436.76
"Johnson, IA",19103,623.41
"Jones, IA",19105,576.74
"Keokuk, IA",19107,579.99
"Kossuth, IA",19109,974.46
"Lee, IA",19111,538.8
"Linn, IA",19113,724.62
"Louisa, IA",19115,417.67
"Lucas, IA",19117,434.21
"Lyon, IA",19119,587.68
"Madison, IA",19121,562.33
"Mahaska, IA",19123,573.45
"Marion, IA",19125,570.58
"Marshall, IA",19127,573.07
"Mills, IA",19129,439.7
"Mitchell, IA",19131,469.42
"Monona, IA",19133,698.89
"Monroe, IA",19135,434.14
"Montgomery, IA",19137,424.84
"Muscatine, IA",19139,449.09
"O'Brien, IA",19141,573.3
"Osceola, IA",19143,399.52
"Page, IA",19145,535.38
"Palo Alto, IA",19147,569.45
"Plymouth, IA",19149,864.02
"Pocahontas, IA",19151,579.17
"Polk, IA",19153,591.94
"Pottawattamie, IA",19155,960.01
"Poweshiek, IA",19157,586.22
"Ringgold, IA",19159,538.96
"Sac, IA",19161,578.42
"Scott, IA",19163,468.2
"Shelby, IA",19165,591.4
"Sioux, IA",19167,768.65
"Story, IA",19169,573.73
"Tama, IA",19171,722.42
"Taylor, IA",19173,534.85
"Union, IA",19175,425.98
"Van Buren, IA",19177,490.59
"Wapello, IA",19179,436.02
"Warren, IA",19181,573.24
"Washington, IA",19183,570.81
"Wayne, IA",19185,527.12
"Webster, IA",19187,718.1
"Winnebago, IA",19189,401.59
"Winneshiek, IA",19191,689.93
"Woodbury, IA",19193,877.43
"Worth, IA",19195,401.73
"Wright, IA",19197,582.58
KANSAS,20000,82282
"Allen, KS",20001,505.24
"Anderson, KS",20003,584.35
"Atchison, KS",20005,435.06
"Barber, KS",20007,1136.27
"Barton, KS",20009,900.5
"Bourbon, KS",20011,638.88
"Brown, KS",20013,572.23
"Butler, KS",20015,1446.49
"Chase, KS",20017,778.06
"Chautauqua, KS",20019,644.87
"Cherokee, KS",20021,591.02
"Cheyenne, KS",20023,1020.89
"Clark, KS",20025,977.27
"Clay, KS",20027,655.46
"Cloud, KS",20029,718.51
"Coffey, KS",20031,654.63
"Comanche, KS",20033,789.75
"Cowley, KS",20035,1132.67
"Crawford, KS",20037,595.11
"Decatur, KS",20039,894.23
"Dickinson, KS",20041,852.66
"Doniphan, KS",20043,397.1
"Douglas, KS",20045,474.5
"Edwards, KS",20047,622.13
"Elk, KS",20049,650.41
"Ellis, KS",20051,900.52
"Ellsworth, KS",20053,723.47
"Finney, KS",20055,1302.69
"Ford, KS",20057,1099.35
"Franklin, KS",20059,576.7
"Geary, KS",20061,403.95
"Gove, KS",20063,1071.55
"Graham, KS",20065,898.72
"Grant, KS",20067,575.1
"Gray, KS",20069,869.39
"Greeley, KS",20071,778.05
"Greenwood, KS",20073,1152.66
"Hamilton, KS",20075,997.66
"Harper, KS",20077,803
"Harvey, KS",20079,540.54
"Haskell, KS",20081,577.75
"Hodgeman, KS",20083,860.29
"Jackson, KS",20085,657.9
"Jefferson, KS",20087,556.98
"Jewell, KS",20089,914.51
"Johnson, KS",20091,480.18
"Kearny, KS",20093,871.57
"Kingman, KS",20095,866.75
"Kiowa, KS",20097,722.67
"Labette, KS",20099,653.36
"Lane, KS",20101,717.48
"Leavenworth, KS",20103,468.36
"Lincoln, KS",20105,719.97
"Linn, KS",20107,606.35
"Logan, KS",20109,1073.17
"Lyon, KS",20111,855.21
"McPherson, KS",20113,901.29
"Marion, KS",20115,953.59
"Marshall, KS",20117,904.41
"Meade, KS",20119,979.72
"Miami, KS",20121,590.2
"Mitchell, KS",20123,718.65
"Montgomery, KS",20125,651.45
"Morris, KS",20127,702.9
"Morton, KS",20129,729.99
"Nemaha, KS",20131,719.43
"Neosho, KS",20133,578.09
"Ness, KS",20135,1075.07
"Norton, KS",20137,881.42
"Osage, KS",20139,719.29
"Osborne, KS",20141,894.31
"Ottawa, KS",20143,721.94
"Pawnee, KS",20145,754.6
"Phillips, KS",20147,894.84
"Pottawatomie, KS",20149,862.12
"Pratt, KS",20151,735.79
"Rawlins, KS",20153,1069.79
"Reno, KS",20155,1271.33
"Republic, KS",20157,720.36
"Rice, KS",20159,728.33
"Riley, KS",20161,622.15
"Rooks, KS",20163,895.4
"Rush, KS",20165,718.45
"Russell, KS",20167,899.03
"Saline, KS",20169,721.32
"Scott, KS",20171,717.7
"Sedgwick, KS",20173,1009.48
"Seward, KS",20175,640.55
"Shawnee, KS",20177,556.35
"Sheridan, KS",20179,896.66
"Sherman, KS",20181,1056.08
"Smith, KS",20183,896.56
"Stafford, KS",20185,794.77
"Stanton, KS",20187,680.12
"Stevens, KS",20189,727.78
"Sumner, KS",20191,1184.86
"Thomas, KS",20193,1074.97
"Trego, KS",20195,899.09
"Wabaunsee, KS",20197,799.86
"Wallace, KS",20199,914.12
"Washington, KS",20201,898.88
"Wichita, KS",20203,718.59
"Wilson, KS",20205,575.04
"Woodson, KS",20207,505.5
"Wyandotte, KS",20209,155.7
KENTUCKY,21000,40411.24
"Adair, KY",21001,412.25
"Allen, KY",21003,352.06
"Anderson, KY",21005,204.3
"Ballard, KY",21007,273.62
"Barren, KY",21009,499.95
"Bath, KY",21011,283.96
"Bell, KY",21013,361.36
"Boone, KY",21015,256.98
"Bourbon, KY",21017,291.68
"Boyd, KY",21019,161.83
"Boyle, KY",21021,182.71
"Bracken, KY",21023,208.91
"Breathitt, KY",21025,495.32
"Breckinridge, KY",21027,585.55
"Bullitt, KY",21029,300.21
"Butler, KY",21031,431.54
"Caldwell, KY",21033,348.2
"Calloway, KY",21035,410.81
"Campbell, KY",21037,159.44
"Carlisle, KY",21039,199.03
"Carroll, KY",21041,137.28
"Carter, KY",21043,412.17
"Casey, KY",21045,445.75
"Christian, KY",21047,724.05
"Clark, KY",21049,255.18
"Clay, KY",21051,471.09
"Clinton, KY",21053,205.55
"Crittenden, KY",21055,370.97
"Cumberland, KY",21057,310.87
"Daviess, KY",21059,476.3
"Edmonson, KY",21061,308.03
"Elliott, KY",21063,235.22
"Estill, KY",21065,255.72
"Fayette, KY",21067,285.53
"Fleming, KY",21069,351.49
"Floyd, KY",21071,395.49
"Franklin, KY",21073,212.13
"Fulton, KY",21075,230.56
"Gallatin, KY",21077,104.68
"Garrard, KY",21079,233.89
"Grant, KY",21081,260.75
"Graves, KY",21083,556.5
"Grayson, KY",21085,510.86
"Green, KY",21087,288.8
"Greenup, KY",21089,354.53
"Hancock, KY",21091,198.93
"Hardin, KY",21093,629.89
"Harlan, KY",21095,467.98
"Harrison, KY",21097,309.89
"Hart, KY",21099,417.93
"Henderson, KY",21101,467.26
"Henry, KY",21103,291.13
"Hickman, KY",21105,252.95
"Hopkins, KY",21107,554.25
"Jackson, KY",21109,346.59
"Jefferson, KY",21111,398.6
"Jessamine, KY",21113,174.47
"Johnson, KY",21115,263.96
"Kenton, KY",21117,164.97
"Knott, KY",21119,353.03
"Knox, KY",21121,387.72
"Larue, KY",21123,263.74
"Laurel, KY",21125,443.77
"Lawrence, KY",21127,420.16
"Lee, KY",21129,211.23
"Leslie, KY",21131,404.37
"Letcher, KY",21133,339.13
"Lewis, KY",21135,495.73
"Lincoln, KY",21137,336.77
"Livingston, KY",21139,342.22
"Logan, KY",21141,557.13
"Lyon, KY",21143,256.47
"McCracken, KY",21145,268.1
"McCreary, KY",21147,430.67
"McLean, KY",21149,256.19
"Madison, KY",21151,443.14
"Magoffin, KY",21153,309.46
"Marion, KY",21155,346.89
"Marshall, KY",21157,340.33
"Martin, KY",21159,230.83
"Mason, KY",21161,246.62
"Meade, KY",21163,324.24
"Menifee, KY",21165,206.04
"Mercer, KY",21167,253.13
"Metcalfe, KY",21169,290.98
"Monroe, KY",21171,332.13
"Montgomery, KY",21173,198.82
"Morgan, KY",21175,383.76
"Muhlenberg, KY",21177,479.47
"Nelson, KY",21179,424.1
"Nicholas, KY",21181,196.86
"Ohio, KY",21183,596.75
"Oldham, KY",21185,196.56
"Owen, KY",21187,354.18
"Owsley, KY",21189,198.1
"Pendleton, KY",21191,281.37
"Perry, KY",21193,342.64
"Pike, KY",21195,788.89
"Powell, KY",21197,180.21
"Pulaski, KY",21199,677.09
"Robertson, KY",21201,100.11
"Rockcastle, KY",21203,318.08
"Rowan, KY",21205,286.27
"Russell, KY",21207,282.84
"Scott, KY",21209,285.31
"Shelby, KY",21211,385.67
"Simpson, KY",21213,236.21
"Spencer, KY",21215,191.81
"Taylor, KY",21217,277.06
"Todd, KY",21219,377
"Trigg, KY",21221,481.12
"Trimble, KY",21223,156.24
"Union, KY",21225,363.44
"Warren, KY",21227,547.72
"Washington, KY",21229,301.54
"Wayne, KY",21231,484.22
"Webster, KY",21233,335.7
"Whitley, KY",21235,445.17
"Wolfe, KY",21237,222.88
"Woodford, KY",21239,192
LOUISIANA,22000,51843.47
"Acadia, LA",22001,657.65
"Allen, LA",22003,765.72
"Ascension, LA",22005,302.91
"Assumption, LA",22007,364.59
"Avoyelles, LA",22009,865.74
"Beauregard, LA",22011,1166.06
"Bienville, LA",22013,821.83
"Bossier, LA",22015,867.01
"Caddo, LA",22017,937.01
"Calcasieu, LA",22019,1094.42
"Caldwell, LA",22021,540.77
"Cameron, LA",22023,1931.76
"Catahoula, LA",22025,739.5
"Claiborne, LA",22027,767.52
"Concordia, LA",22029,748.74
"De Soto, LA",22031,894.55
"East Baton Rouge, LA",22033,470.59
"East Carroll, LA",22035,442.49
"East Feliciana, LA",22037,455.72
"Evangeline, LA",22039,679.64
"Franklin, LA",22041,635.48
"Grant, LA",22043,664.6
"Iberia, LA",22045,1030.94
"Iberville, LA",22047,652.88
"Jackson, LA",22049,580.38
"Jefferson, LA",22051,642.42
"Jefferson Davis, LA",22053,658.62
"Lafayette, LA",22055,270.32
"Lafourche, LA",22057,1472.3
"La Salle, LA",22059,662.42
"Lincoln, LA",22061,472.3
"Livingston, LA",22063,702.89
"Madison, LA",22065,650.59
"Morehouse, LA",22067,805.26
"Natchitoches, LA",22069,1299.38
"Orleans, LA",22071,350.23
"Ouachita, LA",22073,632.76
"Plaquemines, LA",22075,2428.73
"Pointe Coupee, LA",22077,590.74
"Rapides, LA",22079,1362.04
"Red River, LA",22081,402.1
"Richland, LA",22083,564.55
"Sabine, LA",22085,1011.59
"St. Bernard, LA",22087,1793.84
"St. Charles, LA",22089,410.18
"St. Helena, LA",22091,409.49
"St. James, LA",22093,257.81
"St. John the Baptist, LA",22095,347.86
"St. Landry, LA",22097,938.88
"St. Martin, LA",22099,816.51
"St. Mary, LA",22101,1118.93
"St. Tammany, LA",22103,1124.13
"Tangipahoa, LA",22105,823.19
"Tensas, LA",22107,641.25
"Terrebonne, LA",22109,2080.08
"Union, LA",22111,905.36
"Vermilion, LA",22113,1538.42
"Vernon, LA",22115,1341.61
"Washington, LA",22117,676.01
"Webster, LA",22119,615.13
"West Baton Rouge, LA",22121,203.64
"West Carroll, LA",22123,360.35
"West Feliciana, LA",22125,426.05
"Winn, LA",22127,956.98
MAINE,23000,35387.33
"Androscoggin, ME",23001,497.25
"Aroostook, ME",23003,6829.18
"Cumberland, ME",23005,1217.01
"Franklin, ME",23007,1744.46
"Hancock, ME",23009,2351.18
"Kennebec, ME",23011,951.24
"Knox, ME",23013,1142.07
"Lincoln, ME",23015,699.97
"Oxford, ME",23017,2175.44
"Penobscot, ME",23019,3556.42
"Piscataquis, ME",23021,4377.71
"Sagadahoc, ME",23023,370.29
"Somerset, ME",23025,4095.73
"Waldo, ME",23027,852.81
"Washington, ME",23029,3255.14
"York, ME",23031,1271.44
MARYLAND,24000,12407.45
"Allegany, MD",24001,429.74
"Anne Arundel, MD",24003,587.91
"Baltimore, MD",24005,682.08
"Calvert, MD",24009,345.11
"Caroline, MD",24011,326.07
"Carroll, MD",24013,452.43
"Cecil, MD",24015,417.89
"Charles, MD",24017,643.27
"Dorchester, MD",24019,982.97
"Frederick, MD",24021,667.4
"Garrett, MD",24023,656.08
"Harford, MD",24025,526.74
"Howard, MD",24027,253.56
"Kent, MD",24029,414.32
"Montgomery, MD",24031,506.22
"Prince George's, MD",24033,499.42
"Queen Anne's, MD",24035,509.82
"St. Mary's, MD",24037,764.54
"Somerset, MD",24039,610.81
"Talbot, MD",24041,476.81
"Washington, MD",24043,467.57
"Wicomico, MD",24045,399.81
"Worcester, MD",24047,694.78
"Baltimore city, MD",24510,92.08
MASSACHUSETTS,25000,10554.79
"Barnstable, MA",25001,1305.52
"Berkshire, MA",25003,946.34
"Bristol, MA",25005,691.26
"Dukes, MA",25007,491
"Essex, MA",25009,828.69
"Franklin, MA",25011,724.81
"Hampden, MA",25013,634.17
"Hampshire, MA",25015,545.47
"Middlesex, MA",25017,847.63
"Nantucket, MA",25019,303.28
"Norfolk, MA",25021,443.97
"Plymouth, MA",25023,1093.48
"Suffolk, MA",25025,120.07
"Worcester, MA",25027,1579.11
MICHIGAN,26000,96810.22
"Alcona, MI",26001,1790.56
"Alger, MI",26003,5044.37
"Allegan, MI",26005,1833.51
"Alpena, MI",26007,1695.05
"Antrim, MI",26009,601.94
"Arenac, MI",26011,680.75
"Baraga, MI",26013,1069.12
"Barry, MI",26015,576.93
"Bay, MI",26017,630.98
"Benzie, MI",26019,859.72
"Berrien, MI",26021,1581.47
"Branch, MI",26023,519.52
"Calhoun, MI",26025,718.49
"Cass, MI",26027,508.51
"Charlevoix, MI",26029,1390.87
"Cheboygan, MI",26031,885.26
"Chippewa, MI",26033,2698
"Clare, MI",26035,575.25
"Clinton, MI",26037,574.6
"Crawford, MI",26039,563.41
"Delta, MI",26041,1991.75
"Dickinson, MI",26043,777.2
"Eaton, MI",26045,579.07
"Emmet, MI",26047,882.33
"Genesee, MI",26049,649.37
"Gladwin, MI",26051,516.46
"Gogebic, MI",26053,1476.54
"Grand Traverse, MI",26055,601.17
"Gratiot, MI",26057,571.64
"Hillsdale, MI",26059,607.18
"Houghton, MI",26061,1501.63
"Huron, MI",26063,2137.25
"Ingham, MI",26065,560.98
"Ionia, MI",26067,580.26
"Iosco, MI",26069,1890.72
"Iron, MI",26071,1211.16
"Isabella, MI",26073,577.78
"Jackson, MI",26075,723.82
"Kalamazoo, MI",26077,580.23
"Kalkaska, MI",26079,570.79
"Kent, MI",26081,872.21
"Keweenaw, MI",26083,6060.49
"Lake, MI",26085,574.64
"Lapeer, MI",26087,663.12
"Leelanau, MI",26089,2533.36
"Lenawee, MI",26091,761.38
"Livingston, MI",26093,585.46
"Luce, MI",26095,1911.9
"Mackinac, MI",26097,2100.59
"Macomb, MI",26099,569.81
"Manistee, MI",26101,1280.9
"Marquette, MI",26103,3426.9
"Mason, MI",26105,1241.98
"Mecosta, MI",26107,571.14
"Menominee, MI",26109,1338.13
"Midland, MI",26111,527.92
"Missaukee, MI",26113,573.85
"Monroe, MI",26115,680.1
"Montcalm, MI",26117,721.02
"Montmorency, MI",26119,562.46
"Muskegon, MI",26121,1459.29
"Newaygo, MI",26123,861.45
"Oakland, MI",26125,908.07
"Oceana, MI",26127,1306.83
"Ogemaw, MI",26129,574.67
"Ontonagon, MI",26131,3741.37
"Osceola, MI",26133,573.15
"Oscoda, MI",26135,571.6
"Otsego, MI",26137,526
"Ottawa, MI",26139,1632.12
"Presque Isle, MI",26141,2573.22
"Roscommon, MI",26143,579.86
"Saginaw, MI",26145,815.82
"St. Clair, MI",26147,832.55
"St. Joseph, MI",26149,521.18
"Sanilac, MI",26151,1590.64
"Schoolcraft, MI",26153,1883.79
"Shiawassee, MI",26155,540.78
"Tuscola, MI",26157,913.83
"Van Buren, MI",26159,1090.28
"Washtenaw, MI",26161,722.59
"Wayne, MI",26163,672.26
"Wexford, MI",26165,575.88
MINNESOTA,27000,86942.71
"Aitkin, MN",27001,1995.39
"Anoka, MN",27003,446.28
"Becker, MN",27005,1445.17
"Beltrami, MN",27007,3055.7
"Benton, MN",27009,413.02
"Big Stone, MN",27011,527.92
"Blue Earth, MN",27013,765.93
"Brown, MN",27015,618.62
"Carlton, MN",27017,875.28
"Carver, MN",27019,376.23
"Cass, MN",27021,2414.31
"Chippewa, MN",27023,587.85
"Chisago, MN",27025,442.53
"Clay, MN",27027,1052.78
"Clearwater, MN",27029,1029.85
"Cook, MN",27031,3339.29
"Cottonwood, MN",27033,648.94
"Crow Wing, MN",27035,1156.62
"Dakota, MN",27037,586.36
"Dodge, MN",27039,439.64
"Douglas, MN",27041,719.97
"Faribault, MN",27043,721.64
"Fillmore, MN",27045,862.19
"Freeborn, MN",27047,722.66
"Goodhue, MN",27049,780.47
"Grant, MN",27051,575.21
"Hennepin, MN",27053,606.43
"Houston, MN",27055,568.95
"Hubbard, MN",27057,999.44
"Isanti, MN",27059,451.9
"Itasca, MN",27061,2927.91
"Jackson, MN",27063,719.51
"Kanabec, MN",27065,533.41
"Kandiyohi, MN",27067,862.01
"Kittson, MN",27069,1103.54
"Koochiching, MN",27071,3154.35
"Lac qui Parle, MN",27073,778.09
"Lake, MN",27075,2991.14
"Lake of the Woods, MN",27077,1775.08
"Le Sueur, MN",27079,473.9
"Lincoln, MN",27081,548.47
"Lyon, MN",27083,721.49
"McLeod, MN",27085,505.7
"Mahnomen, MN",27087,583.02
"Marshall, MN",27089,1812.83
"Martin, MN",27091,729.59
"Meeker, MN",27093,645.11
"Mille Lacs, MN",27095,681.8
"Morrison, MN",27097,1153.37
"Mower, MN",27099,711.74
"Murray, MN",27101,719.56
"Nicollet, MN",27103,466.98
"Nobles, MN",27105,722.36
"Norman, MN",27107,876.85
"Olmsted, MN",27109,654.53
"Otter Tail, MN",27111,2225.03
"Pennington, MN",27113,618.36
"Pine, MN",27115,1434.68
"Pipestone, MN",27117,466.17
"Polk, MN",27119,1997.89
"Pope, MN",27121,717.33
"Ramsey, MN",27123,170.16
"Red Lake, MN",27125,432.52
"Redwood, MN",27127,881.28
"Renville, MN",27129,987.27
"Rice, MN",27131,516.14
"Rock, MN",27133,482.86
"Roseau, MN",27135,1678.48
"St. Louis, MN",27137,6860.53
"Scott, MN",27139,368.57
"Sherburne, MN",27141,451
"Sibley, MN",27143,600.39
"Stearns, MN",27145,1389.99
"Steele, MN",27147,432.18
"Stevens, MN",27149,575.27
"Swift, MN",27151,752.39
"Todd, MN",27153,979.39
"Traverse, MN",27155,586
"Wabasha, MN",27157,549.85
"Wadena, MN",27159,543.02
"Waseca, MN",27161,432.82
"Washington, MN",27163,423.19
"Watonwan, MN",27165,439.93
"Wilkin, MN",27167,751.67
"Winona, MN",27169,641.63
"Wright, MN",27171,714.42
"Yellow Medicine, MN",27173,763.42
MISSISSIPPI,28000,48433.59
"Adams, MS",28001,486.28
"Alcorn, MS",28003,401.38
"Amite, MS",28005,731.7
"Attala, MS",28007,737.15
"Benton, MS",28009,408.67
"Bolivar, MS",28011,905.82
"Calhoun, MS",28013,588
"Carroll, MS",28015,634.59
"Chickasaw, MS",28017,504.3
"Choctaw, MS",28019,419.84
"Claiborne, MS",28021,501.44
"Clarke, MS",28023,693.46
"Clay, MS",28025,416.05
"Coahoma, MS",28027,583.18
"Copiah, MS",28029,779.45
"Covington, MS",28031,414.97
"DeSoto, MS",28033,496.82
"Forrest, MS",28035,470.2
"Franklin, MS",28037,566.78
"George, MS",28039,483.65
"Greene, MS",28041,718.73
"Grenada, MS",28043,449.41
"Hancock, MS",28045,552.56
"Harrison, MS",28047,976.18
"Hinds, MS",28049,877.41
"Holmes, MS",28051,764.24
"Humphreys, MS",28053,431.2
"Issaquena, MS",28055,441.4
"Itawamba, MS",28057,540.46
"Jackson, MS",28059,1043.36
"Jasper, MS",28061,677.49
"Jefferson, MS",28063,527.24
"Jefferson Davis, MS",28065,409.14
"Jones, MS",28067,699.79
"Kemper, MS",28069,767.05
"Lafayette, MS",28071,679.33
"Lamar, MS",28073,500.52
"Lauderdale, MS",28075,715.33
"Lawrence, MS",28077,435.76
"Leake, MS",28079,585.43
"Lee, MS",28081,453.17
"Leflore, MS",28083,606.4
"Lincoln, MS",28085,588.22
"Lowndes, MS",28087,516.48
"Madison, MS",28089,742.03
"Marion, MS",28091,548.61
"Marshall, MS",28093,709.86
"Monroe, MS",28095,772.1
"Montgomery, MS",28097,407.9
"Neshoba, MS",28099,571.69
"Newton, MS",28101,579.62
"Noxubee, MS",28103,700.09
"Oktibbeha, MS",28105,461.94
"Panola, MS",28107,705.19
"Pearl River, MS",28109,818.98
"Perry, MS",28111,650.24
"Pike, MS",28113,410.81
"Pontotoc, MS",28115,501.02
"Prentiss, MS",28117,418.28
"Quitman, MS",28119,406.52
"Rankin, MS",28121,806.16
"Scott, MS",28123,610.43
"Sharkey, MS",28125,434.92
"Simpson, MS",28127,590.57
"Smith, MS",28129,637.32
"Stone, MS",28131,448.09
"Sunflower, MS",28133,707.26
"Tallahatchie, MS",28135,652.13
"Tate, MS",28137,410.98
"Tippah, MS",28139,460
"Tishomingo, MS",28141,444.57
"Tunica, MS",28143,480.82
"Union, MS",28145,416.91
"Walthall, MS",28147,404.47
"Warren, MS",28149,618.82
"Washington, MS",28151,761.31
"Wayne, MS",28153,813.54
"Webster, MS",28155,423.38
"Wilkinson, MS",28157,687.71
"Winston, MS",28159,610.15
"Yalobusha, MS",28161,495.03
"Yazoo, MS",28163,934.2
MISSOURI,29000,69708.81
"Adair, MO",29001,569.35
"Andrew, MO",29003,436.53
"Atchison, MO",29005,547.39
"Audrain, MO",29007,696.83
"Barry, MO",29009,790.96
"Barton, MO",29011,596.78
"Bates, MO",29013,851.45
"Benton, MO",29015,752.55
"Bollinger, MO",29017,621.21
"Boone, MO",29019,691.19
"Buchanan, MO",29021,414.6
"Butler, MO",29023,699.01
"Caldwell, MO",29025,429.75
"Callaway, MO",29027,847.26
"Camden, MO",29029,708.9
"Cape Girardeau, MO",29031,586.33
"Carroll, MO",29033,702.35
"Carter, MO",29035,509.06
"Cass, MO",29037,702.73
"Cedar, MO",29039,498.54
"Chariton, MO",29041,768.3
"Christian, MO",29043,564.09
"Clark, MO",29045,511.93
"Clay, MO",29047,409.16
"Clinton, MO",29049,423.5
"Cole, MO",29051,399.11
"Cooper, MO",29053,570.25
"Crawford, MO",29055,743.82
"Dade, MO",29057,506.34
"Dallas, MO",29059,542.87
"Daviess, MO",29061,569.12
"DeKalb, MO",29063,425.8
"Dent, MO",29065,754.56
"Douglas, MO",29067,814.67
"Dunklin, MO",29069,547.14
"Franklin, MO",29071,929.64
"Gasconade, MO",29073,524.53
"Gentry, MO",29075,491.84
"Greene, MO",29077,677.84
"Grundy, MO",29079,438.01
"Harrison, MO",29081,726.5
"Henry, MO",29083,732.61
"Hickory, MO",29085,411.77
"Holt, MO",29087,469.09
"Howard, MO",29089,470.58
"Howell, MO",29091,928.39
"Iron, MO",29093,552.09
"Jackson, MO",29095,616.16
"Jasper, MO",29097,641.37
"Jefferson, MO",29099,664.12
"Johnson, MO",29101,833.09
"Knox, MO",29103,506.8
"Laclede, MO",29105,768.03
"Lafayette, MO",29107,638.9
"Lawrence, MO",29109,613.42
"Lewis, MO",29111,510.88
"Lincoln, MO",29113,640.44
"Linn, MO",29115,621.5
"Livingston, MO",29117,538.51
"McDonald, MO",29119,539.74
"Macon, MO",29121,812.58
"Madison, MO",29123,497.64
"Maries, MO",29125,530.01
"Marion, MO",29127,444.07
"Mercer, MO",29129,455.21
"Miller, MO",29131,599.98
"Mississippi, MO",29133,428.93
"Moniteau, MO",29135,418.87
"Monroe, MO",29137,670.26
"Montgomery, MO",29139,541.97
"Morgan, MO",29141,613.94
"New Madrid, MO",29143,698.07
"Newton, MO",29145,626.72
"Nodaway, MO",29147,877.81
"Oregon, MO",29149,791.65
"Osage, MO",29151,613.44
"Ozark, MO",29153,755.13
"Pemiscot, MO",29155,512.44
"Perry, MO",29157,484.3
"Pettis, MO",29159,686.38
"Phelps, MO",29161,674.32
"Pike, MO",29163,684.84
"Platte, MO",29165,427.26
"Polk, MO",29167,642.51
"Pulaski, MO",29169,551.44
"Putnam, MO",29171,519.7
"Ralls, MO",29173,483.84
"Randolph, MO",29175,487.69
"Ray, MO",29177,573.62
"Reynolds, MO",29179,814.47
"Ripley, MO",29181,631.71
"St. Charles, MO",29183,593.54
"St. Clair, MO",29185,701.95
"Ste. Genevieve, MO",29186,508.96
"St. Francois, MO",29187,452.43
"St. Louis, MO",29189,523.61
"Saline, MO",29195,764.62
"Schuyler, MO",29197,308.18
"Scotland, MO",29199,439.29
"Scott, MO",29201,426.06
"Shannon, MO",29203,1004.05
"Shelby, MO",29205,502.45
"Stoddard, MO",29207,828.99
"Stone, MO",29209,510.95
"Sullivan, MO",29211,651.48
"Taney, MO",29213,651.53
"Texas, MO",29215,1179.33
"Vernon, MO",29217,837.11
"Warren, MO",29219,437.76
"Washington, MO",29221,762.5
"Wayne, MO",29223,774.13
"Webster, MO",29225,593.74
"Worth, MO",29227,266.77
"Wright, MO",29229,683.24
"St. Louis city, MO",29510,66.15
MONTANA,30000,147046.16
"Beaverhead, MT",30001,5572.35
"Big Horn, MT",30003,5014.72
"Blaine, MT",30005,4238.98
"Broadwater, MT",30007,1238.94
"Carbon, MT",30009,2062.26
"Carter, MT",30011,3348.41
"Cascade, MT",30013,2711.74
"Chouteau, MT",30015,3997.13
"Custer, MT",30017,3793.37
"Daniels, MT",30019,1426.57
"Dawson, MT",30021,2383.23
"Deer Lodge, MT",30023,741.27
"Fallon, MT",30025,1623.06
"Fergus, MT",30027,4350.51
"Flathead, MT",30029,5256.6
"Gallatin, MT",30031,2532.73
"Garfield, MT",30033,4847.66
"Glacier, MT",30035,3037.12
"Golden Valley, MT",30037,1176.42
"Granite, MT",30039,1733.17
"Hill, MT",30041,2916.07
"Jefferson, MT",30043,1658.89
"Judith Basin, MT",30045,1870.75
"Lake, MT",30047,1653.75
"Lewis and Clark, MT",30049,3497.63
"Liberty, MT",30051,1447.18
"Lincoln, MT",30053,3675.22
"McCone, MT",30055,2682.84
"Madison, MT",30057,3602.93
"Meagher, MT",30059,2394.87
"Mineral, MT",30061,1223.43
"Missoula, MT",30063,2618.39
"Musselshell, MT",30065,1870.94
"Park, MT",30067,2666.73
"Petroleum, MT",30069,1674.05
"Phillips, MT",30071,5212.22
"Pondera, MT",30073,1639.83
"Powder River, MT",30075,3298.02
"Powell, MT",30077,2332.71
"Prairie, MT",30079,1742.61
"Ravalli, MT",30081,2400.39
"Richland, MT",30083,2103.08
"Roosevelt, MT",30085,2369.7
"Rosebud, MT",30087,5026.96
"Sanders, MT",30089,2790.18
"Sheridan, MT",30091,1706.38
"Silver Bow, MT",30093,718.99
"Stillwater, MT",30095,1804.71
"Sweet Grass, MT",30097,1862.1
"Teton, MT",30099,2292.57
"Toole, MT",30101,1945.82
"Treasure, MT",30103,984.14
"Valley, MT",30105,5062.08
"Wheatland, MT",30107,1428.37
"Wibaux, MT",30109,890.12
"Yellowstone, MT",30111,2649.11
"Yellowstone National Park, MT",30113,246.12
NEBRASKA,31000,77358.4
"Adams, NE",31001,564.19
"Antelope, NE",31003,858.49
"Arthur, NE",31005,718.36
"Banner, NE",31007,746.43
"Blaine, NE",31009,714.39
"Boone, NE",31011,687.3
"Box Butte, NE",31013,1077.92
"Boyd, NE",31015,544.64
"Brown, NE",31017,1225.15
"Buffalo, NE",31019,975.31
"Burt, NE",31021,497.12
"Butler, NE",31023,584.43
"Cass, NE",31025,566.27
"Cedar, NE",31027,745.86
"Chase, NE",31029,897.67
"Cherry, NE",31031,6009.87
"Cheyenne, NE",31033,1196.55
"Clay, NE",31035,573.56
"Colfax, NE",31037,418.61
"Cuming, NE",31039,574.58
"Custer, NE",31041,2576.21
"Dakota, NE",31043,267.41
"Dawes, NE",31045,1400.9
"Dawson, NE",31047,1019.34
"Deuel, NE",31049,440.83
"Dixon, NE",31051,482.75
"Dodge, NE",31053,543.98
"Douglas, NE",31055,339.65
"Dundy, NE",31057,920.84
"Fillmore, NE",31059,576.66
"Franklin, NE",31061,576.13
"Frontier, NE",31063,980.11
"Furnas, NE",31065,720.53
"Gage, NE",31067,859.99
"Garden, NE",31069,1731.15
"Garfield, NE",31071,571.36
"Gosper, NE",31073,462.77
"Grant, NE",31075,783.27
"Greeley, NE",31077,570.74
"Hall, NE",31079,552.25
"Hamilton, NE",31081,546.76
"Harlan, NE",31083,574.2
"Hayes, NE",31085,713.37
"Hitchcock, NE",31087,718.62
"Holt, NE",31089,2417.8
"Hooker, NE",31091,721.54
"Howard, NE",31093,575.77
"Jefferson, NE",31095,575.53
"Johnson, NE",31097,376.84
"Kearney, NE",31099,516.15
"Keith, NE",31101,1109.85
"Keya Paha, NE",31103,774.21
"Kimball, NE",31105,952.38
"Knox, NE",31107,1139.75
"Lancaster, NE",31109,846.73
"Lincoln, NE",31111,2575.27
"Logan, NE",31113,571.18
"Loup, NE",31115,571.06
"McPherson, NE",31117,860.06
"Madison, NE",31119,575.09
"Merrick, NE",31121,494.39
"Morrill, NE",31123,1429.92
"Nance, NE",31125,448.08
"Nemaha, NE",31127,411.91
"Nuckolls, NE",31129,576
"Otoe, NE",31131,619.12
"Pawnee, NE",31133,432.97
"Perkins, NE",31135,884.33
"Phelps, NE",31137,540.62
"Pierce, NE",31139,575.31
"Platte, NE",31141,689.13
"Polk, NE",31143,441.13
"Red Willow, NE",31145,718.1
"Richardson, NE",31147,555.98
"Rock, NE",31149,1011.91
"Saline, NE",31151,576.08
"Sarpy, NE",31153,247.29
"Saunders, NE",31155,758.91
"Scotts Bluff, NE",31157,745.57
"Seward, NE",31159,575.74
"Sheridan, NE",31161,2470.12
"Sherman, NE",31163,571.66
"Sioux, NE",31165,2067.43
"Stanton, NE",31167,431.08
"Thayer, NE",31169,575.36
"Thomas, NE",31171,713.69
"Thurston, NE",31173,396.27
"Valley, NE",31175,570.54
"Washington, NE",31177,393.79
"Wayne, NE",31179,443.52
"Webster, NE",31181,575.04
"Wheeler, NE",31183,575.61
"York, NE",31185,576.04
NEVADA,32000,110566.91
"Churchill, NV",32001,5023.65
"Clark, NV",32003,8091.05
"Douglas, NV",32005,737.67
"Elko, NV",32007,17204.04
"Esmeralda, NV",32009,3589.19
"Eureka, NV",32011,4180.25
"Humboldt, NV",32013,9658.42
"Lander, NV",32015,5519.64
"Lincoln, NV",32017,10637.44
"Lyon, NV",32019,2016.49
"Mineral, NV",32021,3813.17
"Nye, NV",32023,18159.71
"Pershing, NV",32027,6067.89
"Storey, NV",32029,263.81
"Washoe, NV",32031,6551.48
"White Pine, NV",32033,8897.17
"Carson City city, NV",32510,155.85
NEW HAMPSHIRE,33000,9350.93
"Belknap, NH",33001,468.59
"Carroll, NH",33003,992.32
"Cheshire, NH",33005,729.21
"Coos, NH",33007,1831.72
"Grafton, NH",33009,1750.3
"Hillsborough, NH",33011,892.28
"Merrimack, NH",33013,956.56
"Rockingham, NH",33015,794.04
"Strafford, NH",33017,383.95
"Sullivan, NH",33019,551.98
NEW JERSEY,34000,8721.95
"Atlantic, NJ",34001,671.47
"Bergen, NJ",34003,246.82
"Burlington, NJ",34005,819.48
"Camden, NJ",34007,227.59
"Cape May, NJ",34009,620.29
"Cumberland, NJ",34011,676.57
"Essex, NJ",34013,129.59
"Gloucester, NJ",34015,337
"Hudson, NJ",34017,62.26
"Hunterdon, NJ",34019,437.85
"Mercer, NJ",34021,228.87
"Middlesex, NJ",34023,322.65
"Monmouth, NJ",34025,665.34
"Morris, NJ",34027,481.36
"Ocean, NJ",34029,915.9
"Passaic, NJ",34031,197.07
"Salem, NJ",34033,372.54
"Somerset, NJ",34035,305.07
"Sussex, NJ",34037,535.96
"Union, NJ",34039,105.46
"Warren, NJ",34041,362.78
NEW MEXICO,35000,121598.23
"Bernalillo, NM",35001,1168.77
"Catron, NM",35003,6929.49
"Chaves, NM",35005,6075.6
"Cibola, NM",35006,4542.07
"Colfax, NM",35007,3768.29
"Curry, NM",35009,1407.78
"De Baca, NM",35011,2334.02
"Dona Ana, NM",35013,3814.88
"Eddy, NM",35015,4197.8
"Grant, NM",35017,3967.79
"Guadalupe, NM",35019,3031.81
"Harding, NM",35021,2126.1
"Hidalgo, NM",35023,3446.2
"Lea, NM",35025,4394.33
"Lincoln, NM",35027,4831.64
"Los Alamos, NM",35028,109.35
"Luna, NM",35029,2965.5
"McKinley, NM",35031,5455.62
"Mora, NM",35033,1933.6
"Otero, NM",35035,6627.84
"Quay, NM",35037,2881.98
"Rio Arriba, NM",35039,5896.53
"Roosevelt, NM",35041,2455.08
"Sandoval, NM",35043,3714.65
"San Juan, NM",35045,5538.71
"San Miguel, NM",35047,4736
"Santa Fe, NM",35049,1910.95
"Sierra, NM",35051,4236.59
"Socorro, NM",35053,6649.06
"Taos, NM",35055,2204.77
"Torrance, NM",35057,3346.1
"Union, NM",35059,3831
"Valencia, NM",35061,1068.29
NEW YORK,36000,54474.56
"Albany, NY",36001,533.47
"Allegany, NY",36003,1034.48
"Bronx, NY",36005,57.42
"Broome, NY",36007,715.5
"Cattaraugus, NY",36009,1322.33
"Cayuga, NY",36011,778.93
"Chautauqua, NY",36013,1500.19
"Chemung, NY",36015,410.81
"Chenango, NY",36017,898.76
"Clinton, NY",36019,1117.68
"Columbia, NY",36021,648.32
"Cortland, NY",36023,501.55
"Delaware, NY",36025,1468.11
"Dutchess, NY",36027,825.43
"Erie, NY",36029,1226.97
"Essex, NY",36031,1916.62
"Franklin, NY",36033,1697.54
"Fulton, NY",36035,532.94
"Genesee, NY",36037,495.37
"Greene, NY",36039,658.19
"Hamilton, NY",36041,1807.9
"Herkimer, NY",36043,1458.46
"Jefferson, NY",36045,1857.35
"Kings, NY",36047,96.87
"Lewis, NY",36049,1289.99
"Livingston, NY",36051,640.49
"Madison, NY",36053,661.56
"Monroe, NY",36055,1365.95
"Montgomery, NY",36057,410.35
"Nassau, NY",36059,453.32
"New York, NY",36061,33.68
"Niagara, NY",36063,1139.89
"Oneida, NY",36065,1257.16
"Onondaga, NY",36067,805.73
"Ontario, NY",36069,662.46
"Orange, NY",36071,838.58
"Orleans, NY",36073,817.53
"Oswego, NY",36075,1312.22
"Otsego, NY",36077,1015.24
"Putnam, NY",36079,246.27
"Queens, NY",36081,177.35
"Rensselaer, NY",36083,665.46
"Richmond, NY",36085,102.62
"Rockland, NY",36087,199.36
"St. Lawrence, NY",36089,2821.61
"Saratoga, NY",36091,843.78
"Schenectady, NY",36093,209.64
"Schoharie, NY",36095,626.18
"Schuyler, NY",36097,346.16
"Seneca, NY",36099,390.53
"Steuben, NY",36101,1404.17
"Suffolk, NY",36103,2373.39
"Sullivan, NY",36105,996.93
"Tioga, NY",36107,522.94
"Tompkins, NY",36109,491.65
"Ulster, NY",36111,1160.82
"Warren, NY",36113,931.73
"Washington, NY",36115,845.91
"Wayne, NY",36117,1384.18
"Westchester, NY",36119,500.21
"Wyoming, NY",36121,596.48
"Yates, NY",36123,371.85
NORTH CAROLINA,37000,53821.35
"Alamance, NC",37001,434.8
"Alexander, NC",37003,263.29
"Alleghany, NC",37005,235.52
"Anson, NC",37007,537.17
"Ashe, NC",37009,426.81
"Avery, NC",37011,247.22
"Beaufort, NC",37013,958
"Bertie, NC",37015,741.22
"Bladen, NC",37017,887.15
"Brunswick, NC",37019,1050.06
"Buncombe, NC",37021,660.05
"Burke, NC",37023,514.91
"Cabarrus, NC",37025,365.02
"Caldwell, NC",37027,474.32
"Camden, NC",37029,305.72
"Carteret, NC",37031,1351.57
"Caswell, NC",37033,428.47
"Catawba, NC",37035,413.52
"Chatham, NC",37037,709.18
"Cherokee, NC",37039,466.69
"Chowan, NC",37041,233.32
"Clay, NC",37043,220.6
"Cleveland, NC",37045,468.31
"Columbus, NC",37047,953.64
"Craven, NC",37049,761.82
"Cumberland, NC",37051,658.5
"Currituck, NC",37053,525.68
"Dare, NC",37055,1561.59
"Davidson, NC",37057,566.81
"Davie, NC",37059,266.89
"Duplin, NC",37061,819.15
"Durham, NC",37063,298.12
"Edgecombe, NC",37065,506.61
"Forsyth, NC",37067,412.91
"Franklin, NC",37069,494.14
"Gaston, NC",37071,363.85
"Gates, NC",37073,345.63
"Graham, NC",37075,301.61
"Granville, NC",37077,536.6
"Greene, NC",37079,265.91
"Guilford, NC",37081,657.73
"Halifax, NC",37083,730.97
"Harnett, NC",37085,601.3
"Haywood, NC",37087,554.85
"Henderson, NC",37089,374.85
"Hertford, NC",37091,360.83
"Hoke, NC",37093,392.37
"Hyde, NC",37095,1424
"Iredell, NC",37097,593.42
"Jackson, NC",37099,494.36
"Johnston, NC",37101,795.9
"Jones, NC",37103,474.74
"Lee, NC",37105,259.36
"Lenoir, NC",37107,402.11
"Lincoln, NC",37109,307.06
"McDowell, NC",37111,446.43
"Macon, NC",37113,519.44
"Madison, NC",37115,451.61
"Martin, NC",37117,462.9
"Mecklenburg, NC",37119,549.74
"Mitchell, NC",37121,222.15
"Montgomery, NC",37123,501.1
"Moore, NC",37125,706.29
"Nash, NC",37127,542.72
"New Hanover, NC",37129,327.93
"Northampton, NC",37131,550.26
"Onslow, NC",37133,908.46
"Orange, NC",37135,401.15
"Pamlico, NC",37137,566.24
"Pasquotank, NC",37139,289.45
"Pender, NC",37141,932.69
"Perquimans, NC",37143,328.95
"Person, NC",37145,404.1
"Pitt, NC",37147,654.81
"Polk, NC",37149,238.58
"Randolph, NC",37151,789.97
"Richmond, NC",37153,479.64
"Robeson, NC",37155,951.07
"Rockingham, NC",37157,572.35
"Rowan, NC",37159,523.89
"Rutherford, NC",37161,565.98
"Sampson, NC",37163,947.51
"Scotland, NC",37165,320.65
"Stanly, NC",37167,404.3
"Stokes, NC",37169,455.9
"Surry, NC",37171,537.81
"Swain, NC",37173,540.65
"Transylvania, NC",37175,380.57
"Tyrrell, NC",37177,600.32
"Union, NC",37179,639.64
"Vance, NC",37181,269.85
"Wake, NC",37183,857.5
"Warren, NC",37185,443.83
"Washington, NC",37187,424.26
"Watauga, NC",37189,312.76
"Wayne, NC",37191,556.72
"Wilkes, NC",37193,759.96
"Wilson, NC",37195,374.29
"Yadkin, NC",37197,337.53
"Yancey, NC",37199,313.13
NORTH DAKOTA,38000,70703.83
"Adams, ND",38001,988.89
"Barnes, ND",38003,1513.34
"Benson, ND",38005,1439.39
"Billings, ND",38007,1153.47
"Bottineau, ND",38009,1697.83
"Bowman, ND",38011,1167.03
"Burke, ND",38013,1129.33
"Burleigh, ND",38015,1668.12
"Cass, ND",38017,1768
"Cavalier, ND",38019,1510.22
"Dickey, ND",38021,1141.76
"Divide, ND",38023,1294.24
"Dunn, ND",38025,2082.38
"Eddy, ND",38027,644.26
"Emmons, ND",38029,1554.82
"Foster, ND",38031,646.75
"Golden Valley, ND",38033,1002.4
"Grand Forks, ND",38035,1439.91
"Grant, ND",38037,1666.02
"Griggs, ND",38039,716.21
"Hettinger, ND",38041,1133.78
"Kidder, ND",38043,1433.3
"LaMoure, ND",38045,1150.86
"Logan, ND",38047,1011.14
"McHenry, ND",38049,1911.83
"McIntosh, ND",38051,995.12
"McKenzie, ND",38053,2861.05
"McLean, ND",38055,2328.27
"Mercer, ND",38057,1112.49
"Morton, ND",38059,1945.39
"Mountrail, ND",38061,1941.16
"Nelson, ND",38063,1008.8
"Oliver, ND",38065,731.23
"Pembina, ND",38067,1121.78
"Pierce, ND",38069,1082.26
"Ramsey, ND",38071,1300.93
"Ransom, ND",38073,864.18
"Renville, ND",38075,892.11
"Richland, ND",38077,1445.8
"Rolette, ND",38079,939.4
"Sargent, ND",38081,867.15
"Sheridan, ND",38083,1005.83
"Sioux, ND",38085,1128.37
"Slope, ND",38087,1219.27
"Stark, ND",38089,1340.55
"Steele, ND",38091,715.54
"Stutsman, ND",38093,2298.36
"Towner, ND",38095,1041.61
"Traill, ND",38097,862.59
"Walsh, ND",38099,1294.17
"Ward, ND",38101,2056.36
"Wells, ND",38103,1290.7
"Williams, ND",38105,2148.08
OHIO,39000,44827.53
"Adams, OH",39001,585.83
"Allen, OH",39003,406.92
"Ashland, OH",39005,426.86
"Ashtabula, OH",39007,1368.76
"Athens, OH",39009,508.58
"Auglaize, OH",39011,401.74
"Belmont, OH",39013,541.41
"Brown, OH",39015,495.26
"Butler, OH",39017,470.24
"Carroll, OH",39019,399.02
"Champaign, OH",39021,429.74
"Clark, OH",39023,403.83
"Clermont, OH",39025,457.74
"Clinton, OH",39027,412.31
"Columbiana, OH",39029,535.22
"Coshocton, OH",39031,567.61
"Crawford, OH",39033,402.85
"Cuyahoga, OH",39035,1245.62
"Darke, OH",39037,600.38
"Defiance, OH",39039,414.21
"Delaware, OH",39041,455.99
"Erie, OH",39043,625.78
"Fairfield, OH",39045,508.58
"Fayette, OH",39047,407.11
"Franklin, OH",39049,543.35
"Fulton, OH",39051,407.36
"Gallia, OH",39053,471.16
"Geauga, OH",39055,408.71
"Greene, OH",39057,416.24
"Guernsey, OH",39059,528.33
"Hamilton, OH",39061,412.81
"Hancock, OH",39063,533.64
"Hardin, OH",39065,470.55
"Harrison, OH",39067,410.81
"Henry, OH",39069,420
"Highland, OH",39071,557.89
"Hocking, OH",39073,423.62
"Holmes, OH",39075,424.04
"Huron, OH",39077,494.94
"Jackson, OH",39079,421.52
"Jefferson, OH",39081,410.89
"Knox, OH",39083,529.56
"Lake, OH",39085,979.02
"Lawrence, OH",39087,457.3
"Licking, OH",39089,688.39
"Logan, OH",39091,466.81
"Lorain, OH",39093,923.09
"Lucas, OH",39095,560.64
"Madison, OH",39097,465.97
"Mahoning, OH",39099,423.4
"Marion, OH",39101,404.17
"Medina, OH",39103,423.13
"Meigs, OH",39105,432.41
"Mercer, OH",39107,473.32
"Miami, OH",39109,409.19
"Monroe, OH",39111,457.48
"Montgomery, OH",39113,464.39
"Morgan, OH",39115,421.88
"Morrow, OH",39117,407.38
"Muskingum, OH",39119,672.61
"Noble, OH",39121,404.6
"Ottawa, OH",39123,620.41
"Paulding, OH",39125,418.92
"Perry, OH",39127,412.62
"Pickaway, OH",39129,506.84
"Pike, OH",39131,443.98
"Portage, OH",39133,507.14
"Preble, OH",39135,426.35
"Putnam, OH",39137,484.28
"Richland, OH",39139,500.36
"Ross, OH",39141,693
"Sandusky, OH",39143,417.8
"Scioto, OH",39145,616.12
"Seneca, OH",39147,552.41
"Shelby, OH",39149,411.06
"Stark, OH",39151,580.94
"Summit, OH",39153,420.1
"Trumbull, OH",39155,634.08
"Tuscarawas, OH",39157,571.53
"Union, OH",39159,437
"Van Wert, OH",39161,410.51
"Vinton, OH",39163,414.99
"Warren, OH",39165,407.14
"Washington, OH",39167,640.18
"Wayne, OH",39169,556.34
"Williams, OH",39171,423.08
"Wood, OH",39173,620.58
"Wyandot, OH",39175,407.65
OKLAHOMA,40000,69902.9
"Adair, OK",40001,577.06
"Alfalfa, OK",40003,881.5
"Atoka, OK",40005,990.05
"Beaver, OK",40007,1817.68
"Beckham, OK",40009,904.19
"Blaine, OK",40011,938.94
"Bryan, OK",40013,943.49
"Caddo, OK",40015,1290.41
"Canadian, OK",40017,905.25
"Carter, OK",40019,833.78
"Cherokee, OK",40021,776.45
"Choctaw, OK",40023,800.72
"Cimarron, OK",40025,1841.27
"Cleveland, OK",40027,558.39
"Coal, OK",40029,521.32
"Comanche, OK",40031,1083.91
"Cotton, OK",40033,641.99
"Craig, OK",40035,762.78
"Creek, OK",40037,969.82
"Custer, OK",40039,1002.07
"Delaware, OK",40041,792.37
"Dewey, OK",40043,1008.34
"Ellis, OK",40045,1231.94
"Garfield, OK",40047,1060
"Garvin, OK",40049,813.73
"Grady, OK",40051,1105.38
"Grant, OK",40053,1003.67
"Greer, OK",40055,643.71
"Harmon, OK",40057,538.6
"Harper, OK",40059,1041.02
"Haskell, OK",40061,625.29
"Hughes, OK",40063,814.69
"Jackson, OK",40065,804.22
"Jefferson, OK",40067,773.88
"Johnston, OK",40069,658.33
"Kay, OK",40071,945.2
"Kingfisher, OK",40073,906.03
"Kiowa, OK",40075,1030.74
"Latimer, OK",40077,729.16
"Le Flore, OK",40079,1608.14
"Lincoln, OK",40081,965.68
"Logan, OK",40083,748.98
"Love, OK",40085,531.99
"McClain, OK",40087,580.18
"McCurtain, OK",40089,1901.45
"McIntosh, OK",40091,712.49
"Major, OK",40093,957.92
"Marshall, OK",40095,426.98
"Mayes, OK",40097,683.55
"Murray, OK",40099,424.95
"Muskogee, OK",40101,839.01
"Noble, OK",40103,742.5
"Nowata, OK",40105,580.93
"Okfuskee, OK",40107,628.94
"Oklahoma, OK",40109,718.38
"Okmulgee, OK",40111,702.36
"Osage, OK",40113,2303.94
"Ottawa, OK",40115,484.77
"Pawnee, OK",40117,594.92
"Payne, OK",40119,697.18
"Pittsburg, OK",40121,1377.92
"Pontotoc, OK",40123,725.5
"Pottawatomie, OK",40125,793.39
"Pushmataha, OK",40127,1422.86
"Roger Mills, OK",40129,1146.53
"Rogers, OK",40131,711.49
"Seminole, OK",40133,640.55
"Sequoyah, OK",40135,714.93
"Stephens, OK",40137,891.19
"Texas, OK",40139,2048.97
"Tillman, OK",40141,879.29
"Tulsa, OK",40143,587.05
"Wagoner, OK",40145,591.01
"Washington, OK",40147,424.19
"Washita, OK",40149,1009.14
"Woods, OK",40151,1290.14
"Woodward, OK",40153,1246.09
OREGON,41000,98385.75
"Baker, OR",41001,3088.61
"Benton, OR",41003,679.01
"Clackamas, OR",41005,1879.13
"Clatsop, OR",41007,1084.8
"Columbia, OR",41009,688.37
"Coos, OR",41011,1806.45
"Crook, OR",41013,2987.55
"Curry, OR",41015,1988.64
"Deschutes, OR",41017,3054.96
"Douglas, OR",41019,5134.06
"Gilliam, OR",41021,1222.91
"Grant, OR",41023,4529.53
"Harney, OR",41025,10227.05
"Hood River, OR",41027,533.6
"Jackson, OR",41029,2801.94
"Jefferson, OR",41031,1791.27
"Josephine, OR",41033,1641.66
"Klamath, OR",41035,6136.19
"Lake, OR",41037,8359.03
"Lane, OR",41039,4721.95
"Lincoln, OR",41041,1193.89
"Linn, OR",41043,2309.3
"Malheur, OR",41045,9930.51
"Marion, OR",41047,1195.2
"Morrow, OR",41049,2048.68
"Multnomah, OR",41051,465.7
"Polk, OR",41053,744.21
"Sherman, OR",41055,831.29
"Tillamook, OR",41057,1332.86
"Umatilla, OR",41059,3231.34
"Union, OR",41061,2038.4
"Wallowa, OR",41063,3151.78
"Wasco, OR",41065,2395.46
"Washington, OR",41067,726.43
"Wheeler, OR",41069,1715.55
"Yamhill, OR",41071,718.41
PENNSYLVANIA,42000,46058.24
"Adams, PA",42001,521.56
"Allegheny, PA",42003,744.73
"Armstrong, PA",42005,664.48
"Beaver, PA",42007,443.94
"Bedford, PA",42009,1017.49
"Berks, PA",42011,865.68
"Blair, PA",42013,527.17
"Bradford, PA",42015,1161.09
"Bucks, PA",42017,622.15
"Butler, PA",42019,794.85
"Cambria, PA",42021,693.48
"Cameron, PA",42023,398.61
"Carbon, PA",42025,388.79
"Centre, PA",42027,1111.93
"Chester, PA",42029,759.86
"Clarion, PA",42031,608.99
"Clearfield, PA",42033,1153.87
"Clinton, PA",42035,898.12
"Columbia, PA",42037,489.81
"Crawford, PA",42039,1037.82
"Cumberland, PA",42041,551.2
"Dauphin, PA",42043,557.57
"Delaware, PA",42045,190.77
"Elk, PA",42047,832.27
"Erie, PA",42049,1558.49
"Fayette, PA",42051,797.99
"Forest, PA",42053,431.42
"Franklin, PA",42055,772.69
"Fulton, PA",42057,438.06
"Greene, PA",42059,577.99
"Huntingdon, PA",42061,890.3
"Indiana, PA",42063,834.35
"Jefferson, PA",42065,656.91
"Juniata, PA",42067,393.61
"Lackawanna, PA",42069,464.57
"Lancaster, PA",42071,983.9
"Lawrence, PA",42073,362.78
"Lebanon, PA",42075,362.61
"Lehigh, PA",42077,348.33
"Luzerne, PA",42079,907.14
"Lycoming, PA",42081,1243.84
"McKean, PA",42083,984.22
"Mercer, PA",42085,682.62
"Mifflin, PA",42087,413.46
"Monroe, PA",42089,616.05
"Montgomery, PA",42091,487.47
"Montour, PA",42093,132.3
"Northampton, PA",42095,377.41
"Northumberland, PA",42097,477.4
"Perry, PA",42099,555.81
"Philadelphia, PA",42101,142.68
"Pike, PA",42103,566.66
"Potter, PA",42105,1081.47
"Schuylkill, PA",42107,782.63
"Snyder, PA",42109,332.18
"Somerset, PA",42111,1081.26
"Sullivan, PA",42113,452.37
"Susquehanna, PA",42115,832.44
"Tioga, PA",42117,1137.35
"Union, PA",42119,317.15
"Venango, PA",42121,683.08
"Warren, PA",42123,897.83
"Washington, PA",42125,861
"Wayne, PA",42127,750.59
"Westmoreland, PA",42129,1036.46
"Wyoming, PA",42131,404.82
"York, PA",42133,910.34
RHODE ISLAND,44000,1545.1
"Bristol, RI",44001,44.71
"Kent, RI",44003,188.01
"Newport, RI",44005,313.65
"Providence, RI",44007,435.85
"Washington, RI",44009,562.9
SOUTH CAROLINA,45000,32007.11
"Abbeville, SC",45001,511.1
"Aiken, SC",45003,1080.53
"Allendale, SC",45005,412.59
"Anderson, SC",45007,757.47
"Bamberg, SC",45009,395.49
"Barnwell, SC",45011,557.29
"Beaufort, SC",45013,923
"Berkeley, SC",45015,1229.23
"Calhoun, SC",45017,392.36
"Charleston, SC",45019,1357.14
"Cherokee, SC",45021,397.3
"Chester, SC",45023,586.19
"Chesterfield, SC",45025,805.84
"Clarendon, SC",45027,695.71
"Colleton, SC",45029,1132.05
"Darlington, SC",45031,567.55
"Dillon, SC",45033,406.56
"Dorchester, SC",45035,576.74
"Edgefield, SC",45037,506.56
"Fairfield, SC",45039,709.98
"Florence, SC",45041,803.05
"Georgetown, SC",45043,1035.09
"Greenville, SC",45045,797.01
"Greenwood, SC",45047,462.95
"Hampton, SC",45049,562.72
"Horry, SC",45051,1255
"Jasper, SC",45053,685.84
"Kershaw, SC",45055,740.31
"Lancaster, SC",45057,555.32
"Laurens, SC",45059,722.02
"Lee, SC",45061,411.33
"Lexington, SC",45063,759.49
"McCormick, SC",45065,393.89
"Marion, SC",45067,494.11
"Marlboro, SC",45069,485.3
"Newberry, SC",45071,647.32
"Oconee, SC",45073,673.63
"Orangeburg, SC",45075,1127.83
"Pickens, SC",45077,511.87
"Richland, SC",45079,771.74
"Saluda, SC",45081,460.64
"Spartanburg, SC",45083,819.21
"Sumter, SC",45085,682.08
"Union, SC",45087,515.96
"Williamsburg, SC",45089,936.97
"York, SC",45091,695.77
SOUTH DAKOTA,46000,77121.46
"Aurora, SD",46003,712.58
"Beadle, SD",46005,1264.93
"Bennett, SD",46007,1190.7
"Bon Homme, SD",46009,581.37
"Brookings, SD",46011,804.82
"Brown, SD",46013,1731.36
"Brule, SD",46015,846.56
"Buffalo, SD",46017,487.46
"Butte, SD",46019,2266.43
"Campbell, SD",46021,771.39
"Charles Mix, SD",46023,1150.27
"Clark, SD",46025,967.88
"Clay, SD",46027,416.73
"Codington, SD",46029,717.13
"Corson, SD",46031,2529.52
"Custer, SD",46033,1559.22
"Davison, SD",46035,436.81
"Day, SD",46037,1091.29
"Deuel, SD",46039,636.75
"Dewey, SD",46041,2445.83
"Douglas, SD",46043,434.16
"Edmunds, SD",46045,1151.23
"Fall River, SD",46047,1749.24
"Faulk, SD",46049,1005.77
"Grant, SD",46051,687.95
"Gregory, SD",46053,1053.51
"Haakon, SD",46055,1827.37
"Hamlin, SD",46057,537.99
"Hand, SD",46059,1440.34
"Hanson, SD",46061,435.67
"Harding, SD",46063,2677.64
"Hughes, SD",46065,800.35
"Hutchinson, SD",46067,814.45
"Hyde, SD",46069,866.66
"Jackson, SD",46071,1871.41
"Jerauld, SD",46073,532.67
"Jones, SD",46075,971.75
"Kingsbury, SD",46077,863.73
"Lake, SD",46079,575.1
"Lawrence, SD",46081,800.34
"Lincoln, SD",46083,578.64
"Lyman, SD",46085,1707.18
"McCook, SD",46087,577.21
"McPherson, SD",46089,1151.92
"Marshall, SD",46091,885.67
"Meade, SD",46093,3482.67
"Mellette, SD",46095,1309.87
"Miner, SD",46097,572.03
"Minnehaha, SD",46099,813.74
"Moody, SD",46101,521.13
"Pennington, SD",46103,2784.46
"Perkins, SD",46105,2890.85
"Potter, SD",46107,898.47
"Roberts, SD",46109,1135.42
"Sanborn, SD",46111,570.25
"Shannon, SD",46113,2096.72
"Spink, SD",46115,1510.18
"Stanley, SD",46117,1517.06
"Sully, SD",46119,1070.42
"Todd, SD",46121,1391
"Tripp, SD",46123,1617.51
"Turner, SD",46125,617.5
"Union, SD",46127,467.11
"Walworth, SD",46129,744.25
"Yankton, SD",46135,532.66
"Ziebach, SD",46137,1971.21
TENNESSEE,47000,42146.01
"Anderson, TN",47001,344.83
"Bedford, TN",47003,474.89
"Benton, TN",47005,436.23
"Bledsoe, TN",47007,406.73
"Blount, TN",47009,566.66
"Bradley, TN",47011,331.52
"Campbell, TN",47013,498.27
"Cannon, TN",47015,265.73
"Carroll, TN",47017,599.89
"Carter, TN",47019,347.64
"Cheatham, TN",47021,307.16
"Chester, TN",47023,288.76
"Claiborne, TN",47025,441.56
"Clay, TN",47027,259.26
"Cocke, TN",47029,443.17
"Coffee, TN",47031,434.49
"Crockett, TN",47033,265.49
"Cumberland, TN",47035,684.97
"Davidson, TN",47037,526.16
"Decatur, TN",47039,344.93
"DeKalb, TN",47041,329
"Dickson, TN",47043,491.34
"Dyer, TN",47045,526.52
"Fayette, TN",47047,706.27
"Fentress, TN",47049,499
"Franklin, TN",47051,574.37
"Gibson, TN",47053,603.64
"Giles, TN",47055,611.22
"Grainger, TN",47057,302.46
"Greene, TN",47059,624.27
"Grundy, TN",47061,361.17
"Hamblen, TN",47063,175.78
"Hamilton, TN",47065,575.76
"Hancock, TN",47067,223.51
"Hardeman, TN",47069,670.44
"Hardin, TN",47071,596.36
"Hawkins, TN",47073,499.66
"Haywood, TN",47075,534.19
"Henderson, TN",47077,525.95
"Henry, TN",47079,593.49
"Hickman, TN",47081,612.75
"Houston, TN",47083,206.94
"Humphreys, TN",47085,556.75
"Jackson, TN",47087,319.57
"Jefferson, TN",47089,314.34
"Johnson, TN",47091,302.76
"Knox, TN",47093,525.81
"Lake, TN",47095,193.81
"Lauderdale, TN",47097,507.17
"Lawrence, TN",47099,617.96
"Lewis, TN",47101,282.5
"Lincoln, TN",47103,570.68
"Loudon, TN",47105,247.04
"McMinn, TN",47107,432.24
"McNairy, TN",47109,560.87
"Macon, TN",47111,307.2
"Madison, TN",47113,558.68
"Marion, TN",47115,513.8
"Marshall, TN",47117,376.13
"Maury, TN",47119,615.57
"Meigs, TN",47121,216.79
"Monroe, TN",47123,652.88
"Montgomery, TN",47125,543.87
"Moore, TN",47127,130.38
"Morgan, TN",47129,522.41
"Obion, TN",47131,555.38
"Overton, TN",47133,434.83
"Perry, TN",47135,422.93
"Pickett, TN",47137,174.58
"Polk, TN",47139,442.39
"Putnam, TN",47141,402.44
"Rhea, TN",47143,336.4
"Roane, TN",47145,394.99
"Robertson, TN",47147,476.72
"Rutherford, TN",47149,624
"Scott, TN",47151,533.25
"Sequatchie, TN",47153,266.04
"Sevier, TN",47155,597.77
"Shelby, TN",47157,783.69
"Smith, TN",47159,325.38
"Stewart, TN",47161,493.22
"Sullivan, TN",47163,429.71
"Sumner, TN",47165,543.16
"Tipton, TN",47167,474.76
"Trousdale, TN",47169,116.65
"Unicoi, TN",47171,186.49
"Union, TN",47173,247.14
"Van Buren, TN",47175,274.61
"Warren, TN",47177,434.12
"Washington, TN",47179,329.71
"Wayne, TN",47181,735.65
"Weakley, TN",47183,581.85
"White, TN",47185,379.55
"Williamson, TN",47187,583.67
"Wilson, TN",47189,583.27
TEXAS,48000,268600.96
"Anderson, TX",48001,1078.05
"Andrews, TX",48003,1501.09
"Angelina, TX",48005,864.51
"Aransas, TX",48007,528.01
"Archer, TX",48009,925.85
"Armstrong, TX",48011,913.85
"Atascosa, TX",48013,1235.73
"Austin, TX",48015,656.44
"Bailey, TX",48017,827.43
"Bandera, TX",48019,797.6
"Bastrop, TX",48021,895.99
"Baylor, TX",48023,901.08
"Bee, TX",48025,880.39
"Bell, TX",48027,1087.19
"Bexar, TX",48029,1256.76
"Blanco, TX",48031,713.46
"Borden, TX",48033,906.11
"Bosque, TX",48035,1002.72
"Bowie, TX",48037,922.83
"Brazoria, TX",48039,1597.54
"Brazos, TX",48041,590.35
"Brewster, TX",48043,6193.22
"Briscoe, TX",48045,901.64
"Brooks, TX",48047,943.67
"Brown, TX",48049,957.03
"Burleson, TX",48051,677.83
"Burnet, TX",48053,1020.18
"Caldwell, TX",48055,547.46
"Calhoun, TX",48057,1032.24
"Callahan, TX",48059,901.34
"Cameron, TX",48061,1276.42
"Camp, TX",48063,203.21
"Carson, TX",48065,924.15
"Cass, TX",48067,960.41
"Castro, TX",48069,899.39
"Chambers, TX",48071,868.59
"Cherokee, TX",48073,1062.02
"Childress, TX",48075,713.66
"Clay, TX",48077,1116.23
"Cochran, TX",48079,775.34
"Coke, TX",48081,928.07
"Coleman, TX",48083,1281.55
"Collin, TX",48085,885.91
"Collingsworth, TX",48087,919.48
"Colorado, TX",48089,973.68
"Comal, TX",48091,574.65
"Comanche, TX",48093,947.74
"Concho, TX",48095,993.75
"Cooke, TX",48097,898.87
"Coryell, TX",48099,1056.81
"Cottle, TX",48101,901.66
"Crane, TX",48103,785.65
"Crockett, TX",48105,2807.66
"Crosby, TX",48107,901.74
"Culberson, TX",48109,3812.94
"Dallam, TX",48111,1505.37
"Dallas, TX",48113,908.87
"Dawson, TX",48115,902.16
"Deaf Smith, TX",48117,1498.36
"Delta, TX",48119,277.94
"Denton, TX",48121,957.72
"DeWitt, TX",48123,910.55
"Dickens, TX",48125,905.26
"Dimmit, TX",48127,1334.58
"Donley, TX",48129,933.09
"Duval, TX",48131,1795.82
"Eastland, TX",48133,931.98
"Ector, TX",48135,901.76
"Edwards, TX",48137,2120.13
"Ellis, TX",48139,951.73
"El Paso, TX",48141,1014.75
"Erath, TX",48143,1089.88
"Falls, TX",48145,773.86
"Fannin, TX",48147,899.23
"Fayette, TX",48149,959.92
"Fisher, TX",48151,901.82
"Floyd, TX",48153,992.57
"Foard, TX",48155,707.74
"Fort Bend, TX",48157,886.11
"Franklin, TX",48159,294.79
"Freestone, TX",48161,892.2
"Frio, TX",48163,1134.39
"Gaines, TX",48165,1502.91
"Galveston, TX",48167,876.46
"Garza, TX",48169,896.25
"Gillespie, TX",48171,1061.58
"Glasscock, TX",48173,901
"Goliad, TX",48175,859.43
"Gonzales, TX",48177,1069.91
"Gray, TX",48179,929.3
"Grayson, TX",48181,979.25
"Gregg, TX",48183,276.41
"Grimes, TX",48185,801.27
"Guadalupe, TX",48187,714.23
"Hale, TX",48189,1004.86
"Hall, TX",48191,904.13
"Hamilton, TX",48193,836.45
"Hansford, TX",48195,920.48
"Hardeman, TX",48197,697.05
"Hardin, TX",48199,897.43
"Harris, TX",48201,1777.89
"Harrison, TX",48203,915.17
"Hartley, TX",48205,1463.3
"Haskell, TX",48207,910.33
"Hays, TX",48209,679.85
"Hemphill, TX",48211,912.11
"Henderson, TX",48213,949.09
"Hidalgo, TX",48215,1582.78
"Hill, TX",48217,985.71
"Hockley, TX",48219,908.57
"Hood, TX",48221,436.82
"Hopkins, TX",48223,792.8
"Houston, TX",48225,1236.93
"Howard, TX",48227,904.27
"Hudspeth, TX",48229,4572.26
"Hunt, TX",48231,882.09
"Hutchinson, TX",48233,895.01
"Irion, TX",48235,1051.68
"Jack, TX",48237,920.18
"Jackson, TX",48239,857.1
"Jasper, TX",48241,969.68
"Jeff Davis, TX",48243,2264.77
"Jefferson, TX",48245,1111.32
"Jim Hogg, TX",48247,1136.24
"Jim Wells, TX",48249,868.3
"Johnson, TX",48251,734.43
"Jones, TX",48253,937.21
"Karnes, TX",48255,753.58
"Kaufman, TX",48257,806.87
"Kendall, TX",48259,663.1
"Kenedy, TX",48261,1945.6
"Kent, TX",48263,902.97
"Kerr, TX",48265,1107.76
"Kimble, TX",48267,1251.02
"King, TX",48269,913.38
"Kinney, TX",48271,1365.4
"Kleberg, TX",48273,1090.5
"Knox, TX",48275,855.5
"Lamar, TX",48277,932.53
"Lamb, TX",48279,1017.8
"Lampasas, TX",48281,714.02
"La Salle, TX",48283,1494.36
"Lavaca, TX",48285,970.44
"Lee, TX",48287,634.09
"Leon, TX",48289,1080.47
"Liberty, TX",48291,1176.33
"Limestone, TX",48293,933.22
"Lipscomb, TX",48295,932.28
"Live Oak, TX",48297,1078.94
"Llano, TX",48299,966.25
"Loving, TX",48301,676.88
"Lubbock, TX",48303,900.74
"Lynn, TX",48305,893.5
"McCulloch, TX",48307,1073.43
"McLennan, TX",48309,1060.27
"McMullen, TX",48311,1142.71
"Madison, TX",48313,472.48
"Marion, TX",48315,420.39
"Martin, TX",48317,915.69
"Mason, TX",48319,932.26
"Matagorda, TX",48321,1612.33
"Maverick, TX",48323,1291.84
"Medina, TX",48325,1334.63
"Menard, TX",48327,902.32
"Midland, TX",48329,902.03
"Milam, TX",48331,1021.74
"Mills, TX",48333,749.95
"Mitchell, TX",48335,915.98
"Montague, TX",48337,938.51
"Montgomery, TX",48339,1076.91
"Moore, TX",48341,909.68
"Morris, TX",48343,258.65
"Motley, TX",48345,989.87
"Nacogdoches, TX",48347,981.41
"Navarro, TX",48349,1086.27
"Newton, TX",48351,939.57
"Nolan, TX",48353,914.01
"Nueces, TX",48355,1166.58
"Ochiltree, TX",48357,918.14
"Oldham, TX",48359,1501.53
"Orange, TX",48361,379.56
"Palo Pinto, TX",48363,985.56
"Panola, TX",48365,821.39
"Parker, TX",48367,910.15
"Parmer, TX",48369,885.23
"Pecos, TX",48371,4765.11
"Polk, TX",48373,1109.91
"Potter, TX",48375,922.06
"Presidio, TX",48377,3856.54
"Rains, TX",48379,258.89
"Randall, TX",48381,922.49
"Reagan, TX",48383,1176.09
"Real, TX",48385,700.09
"Red River, TX",48387,1057.67
"Reeves, TX",48389,2642.13
"Refugio, TX",48391,818.72
"Roberts, TX",48393,924.25
"Robertson, TX",48395,865.73
"Rockwall, TX",48397,148.71
"Runnels, TX",48399,1057.22
"Rusk, TX",48401,938.7
"Sabine, TX",48403,576.65
"San Augustine, TX",48405,592.25
"San Jacinto, TX",48407,627.96
"San Patricio, TX",48409,707.11
"San Saba, TX",48411,1138.33
"Schleicher, TX",48413,1310.74
"Scurry, TX",48415,907.61
"Shackelford, TX",48417,915.61
"Shelby, TX",48419,834.6
"Sherman, TX",48421,923.27
"Smith, TX",48423,949.55
"Somervell, TX",48425,191.91
"Starr, TX",48427,1229.38
"Stephens, TX",48429,921.55
"Sterling, TX",48431,923.58
"Stonewall, TX",48433,920.31
"Sutton, TX",48435,1454.52
"Swisher, TX",48437,900.74
"Tarrant, TX",48439,897.56
"Taylor, TX",48441,919.34
"Terrell, TX",48443,2357.94
"Terry, TX",48445,890.96
"Throckmorton, TX",48447,915.54
"Titus, TX",48449,425.72
"Tom Green, TX",48451,1540.63
"Travis, TX",48453,1022.19
"Trinity, TX",48455,714.05
"Tyler, TX",48457,935.77
"Upshur, TX",48459,592.72
"Upton, TX",48461,1241.93
"Uvalde, TX",48463,1558.71
"Val Verde, TX",48465,3232.7
"Van Zandt, TX",48467,859.56
"Victoria, TX",48469,888.81
"Walker, TX",48471,801.51
"Waller, TX",48473,518.49
"Ward, TX",48475,835.81
"Washington, TX",48477,621.4
"Webb, TX",48479,3375.67
"Wharton, TX",48481,1094.51
"Wheeler, TX",48483,915.39
"Wichita, TX",48485,633.04
"Wilbarger, TX",48487,978.16
"Willacy, TX",48489,784.27
"Williamson, TX",48491,1136.5
"Wilson, TX",48493,808.64
"Winkler, TX",48495,841.29
"Wise, TX",48497,922.84
"Wood, TX",48499,695.87
"Yoakum, TX",48501,799.79
"Young, TX",48503,930.9
"Zapata, TX",48505,1058.18
"Zavala, TX",48507,1301.82
UTAH,49000,84904.12
"Beaver, UT",49001,2592.43
"Box Elder, UT",49003,6729.45
"Cache, UT",49005,1173.17
"Carbon, UT",49007,1484.69
"Daggett, UT",49009,723.1
"Davis, UT",49011,633.57
"Duchesne, UT",49013,3256.29
"Emery, UT",49015,4461.83
"Garfield, UT",49017,5208.5
"Grand, UT",49019,3694.3
"Iron, UT",49021,3302.12
"Juab, UT",49023,3406.46
"Kane, UT",49025,4108.6
"Millard, UT",49027,6828.51
"Morgan, UT",49029,610.79
"Piute, UT",49031,765.81
"Rich, UT",49033,1086.36
"Salt Lake, UT",49035,807.83
"San Juan, UT",49037,7933.64
"Sanpete, UT",49039,1602.71
"Sevier, UT",49041,1918.41
"Summit, UT",49043,1882.15
"Tooele, UT",49045,7287.73
"Uintah, UT",49047,4499.21
"Utah, UT",49049,2141.06
"Wasatch, UT",49051,1209.24
"Washington, UT",49053,2430.07
"Wayne, UT",49055,2466.61
"Weber, UT",49057,659.49
VERMONT,50000,9615
"Addison, VT",50001,808.46
"Bennington, VT",50003,677.72
"Caledonia, VT",50005,657.74
"Chittenden, VT",50007,619.62
"Essex, VT",50009,673.83
"Franklin, VT",50011,692.66
"Grand Isle, VT",50013,194.66
"Lamoille, VT",50015,463.47
"Orange, VT",50017,691.97
"Orleans, VT",50019,720.33
"Rutland, VT",50021,944.43
"Washington, VT",50023,695.83
"Windham, VT",50025,798.18
"Windsor, VT",50027,976.09
VIRGINIA,51000,42768.88
"Accomack, VA",51001,1310.18
"Albemarle, VA",51003,726.24
"Alleghany, VA",51005,446.93
"Amelia, VA",51007,358.57
"Amherst, VA",51009,478.81
"Appomattox, VA",51011,334.75
"Arlington, VA",51013,25.97
"Augusta, VA",51015,972.28
"Bath, VA",51017,534.59
"Bedford, VA",51019,769.36
"Bland, VA",51021,358.74
"Botetourt, VA",51023,545.98
"Brunswick, VA",51025,569.4
"Buchanan, VA",51027,503.9
"Buckingham, VA",51029,583.6
"Campbell, VA",51031,507.28
"Caroline, VA",51033,538.94
"Carroll, VA",51035,477.84
"Charles City, VA",51036,203.9
"Charlotte, VA",51037,477.46
"Chesterfield, VA",51041,438.43
"Clarke, VA",51043,178.2
"Craig, VA",51045,330.07
"Culpeper, VA",51047,382.32
"Cumberland, VA",51049,299.76
"Dickenson, VA",51051,334.57
"Dinwiddie, VA",51053,507.04
"Essex, VA",51057,285.92
"Fairfax, VA",51059,406.81
"Fauquier, VA",51061,651.83
"Floyd, VA",51063,381.49
"Fluvanna, VA",51065,290.23
"Franklin, VA",51067,711.6
"Frederick, VA",51069,415.66
"Giles, VA",51071,360.97
"Gloucester, VA",51073,288.02
"Goochland, VA",51075,290.01
"Grayson, VA",51077,445.93
"Greene, VA",51079,156.98
"Greensville, VA",51081,296.83
"Halifax, VA",51083,824.05
"Hanover, VA",51085,474.11
"Henrico, VA",51087,243.22
"Henry, VA",51089,384.41
"Highland, VA",51091,415.88
"Isle of Wight, VA",51093,362.79
"James City, VA",51095,179.73
"King and Queen, VA",51097,326.35
"King George, VA",51099,187.81
"King William, VA",51101,285.67
"Lancaster, VA",51103,231.36
"Lee, VA",51105,437.34
"Loudoun, VA",51107,521.14
"Louisa, VA",51109,510.83
"Lunenburg, VA",51111,432.4
"Madison, VA",51113,321.81
"Mathews, VA",51115,251.98
"Mecklenburg, VA",51117,679.34
"Middlesex, VA",51119,210.76
"Montgomery, VA",51121,389.44
"Nelson, VA",51125,474.34
"New Kent, VA",51127,223.77
"Northampton, VA",51131,795.4
"Northumberland, VA",51133,285.68
"Nottoway, VA",51135,316.13
"Orange, VA",51137,343.44
"Page, VA",51139,314.11
"Patrick, VA",51141,485.88
"Pittsylvania, VA",51143,978.21
"Powhatan, VA",51145,262.42
"Prince Edward, VA",51147,353.87
"Prince George, VA",51149,281.55
"Prince William, VA",51153,349.05
"Pulaski, VA",51155,329.6
"Rappahannock, VA",51157,266.86
"Richmond, VA",51159,216.4
"Roanoke, VA",51161,250.84
"Rockbridge, VA",51163,601.02
"Rockingham, VA",51165,853.35
"Russell, VA",51167,476.78
"Scott, VA",51169,538.66
"Shenandoah, VA",51171,512.56
"Smyth, VA",51173,452.33
"Southampton, VA",51175,603.07
"Spotsylvania, VA",51177,412.3
"Stafford, VA",51179,279.55
"Surry, VA",51181,310.32
"Sussex, VA",51183,492.86
"Tazewell, VA",51185,519.91
"Warren, VA",51187,216.35
"Washington, VA",51191,567.59
"Westmoreland, VA",51193,252.65
"Wise, VA",51195,404.56
"Wythe, VA",51197,464.63
"York, VA",51199,215.5
"Alexandria, VA",51510,15.38
"Bedford, VA",51515,6.86
"Bristol, VA",51520,11.59
"Buena Vista, VA",51530,6.83
"Charlottesville, VA",51540,10.26
"Chesapeake, VA",51550,350.92
"Clifton Forge, VA",51560,3.1
"Colonial Heights, VA",51570,7.79
"Covington, VA",51580,4.44
"Danville, VA",51590,43.94
"Emporia, VA",51595,6.96
"Fairfax, VA",51600,6.16
"Falls Church, VA",51610,2
"Franklin, VA",51620,7.72
"Fredericksburg, VA",51630,10.52
"Galax, VA",51640,8.07
"Hampton, VA",51650,128.56
"Harrisonburg, VA",51660,17.59
"Hopewell, VA",51670,10.72
"Lexington, VA",51678,2.49
"Lynchburg, VA",51680,49.77
"Manassas, VA",51683,10.03
"Manassas Park, VA",51685,1.83
"Martinsville, VA",51690,11.01
"Newport News, VA",51700,119.03
"Norfolk, VA",51710,96.3
"Norton, VA",51720,7.26
"Petersburg, VA",51730,23.22
"Poquoson, VA",51735,78.43
"Portsmouth, VA",51740,46.62
"Radford, VA",51750,10.19
"Richmond, VA",51760,62.61
"Roanoke, VA",51770,42.93
"Salem, VA",51775,14.55
"South Boston, VA",51780,5.55
"Staunton, VA",51790,19.76
"Suffolk, VA",51800,429.09
"Virginia Beach, VA",51810,497.35
"Waynesboro, VA",51820,14.06
"Williamsburg, VA",51830,8.74
"Winchester, VA",51840,9.33
WASHINGTON,53000,71302.65
"Adams, WA",53001,1929.73
"Asotin, WA",53003,640.69
"Benton, WA",53005,1760.19
"Chelan, WA",53007,2993.87
"Clallam, WA",53009,2676.14
"Clark, WA",53011,656.26
"Columbia, WA",53013,873.52
"Cowlitz, WA",53015,1166.41
"Douglas, WA",53017,1848.74
"Ferry, WA",53019,2257.46
"Franklin, WA",53021,1265.38
"Garfield, WA",53023,718.18
"Grant, WA",53025,2791.37
"Grays Harbor, WA",53027,2224.59
"Island, WA",53029,517.39
"Jefferson, WA",53031,2178.03
"King, WA",53033,2306.77
"Kitsap, WA",53035,565.98
"Kittitas, WA",53037,2333.24
"Klickitat, WA",53039,1904.29
"Lewis, WA",53041,2436.43
"Lincoln, WA",53043,2339.74
"Mason, WA",53045,1051.09
"Okanogan, WA",53047,5315.38
"Pacific, WA",53049,1223.58
"Pend Oreille, WA",53051,1425.34
"Pierce, WA",53053,1806.67
"San Juan, WA",53055,621.09
"Skagit, WA",53057,1920.49
"Skamania, WA",53059,1683.95
"Snohomish, WA",53061,2196.53
"Spokane, WA",53063,1780.82
"Stevens, WA",53065,2540.66
"Thurston, WA",53067,773.68
"Wahkiakum, WA",53069,286.7
"Walla Walla, WA",53071,1299.23
"Whatcom, WA",53073,2503.64
"Whitman, WA",53075,2177.61
"Yakima, WA",53077,4311.78
WEST VIRGINIA,54000,24231.44
"Barbour, WV",54001,342.77
"Berkeley, WV",54003,321.61
"Boone, WV",54005,503.22
"Braxton, WV",54007,516.2
"Brooke, WV",54009,92.26
"Cabell, WV",54011,288.04
"Calhoun, WV",54013,280.65
"Clay, WV",54015,343.85
"Doddridge, WV",54017,320.51
"Fayette, WV",54019,668.4
"Gilmer, WV",54021,340.09
"Grant, WV",54023,480.23
"Greenbrier, WV",54025,1024.49
"Hampshire, WV",54027,644.67
"Hancock, WV",54029,88.36
"Hardy, WV",54031,584.52
"Harrison, WV",54033,416.63
"Jackson, WV",54035,471.62
"Jefferson, WV",54037,211.59
"Kanawha, WV",54039,911.07
"Lewis, WV",54041,389.79
"Lincoln, WV",54043,438.61
"Logan, WV",54045,455.63
"McDowell, WV",54047,534.94
"Marion, WV",54049,311.51
"Marshall, WV",54051,312.2
"Mason, WV",54053,444.84
"Mercer, WV",54055,420.71
"Mineral, WV",54057,329.16
"Mingo, WV",54059,423.66
"Monongalia, WV",54061,365.91
"Monroe, WV",54063,473.68
"Morgan, WV",54065,229.69
"Nicholas, WV",54067,654.45
"Ohio, WV",54069,108.86
"Pendleton, WV",54071,698.21
"Pleasants, WV",54073,134.6
"Pocahontas, WV",54075,941.9
"Preston, WV",54077,651.45
"Putnam, WV",54079,350.42
"Raleigh, WV",54081,609.38
"Randolph, WV",54083,1040
"Ritchie, WV",54085,453.61
"Roane, WV",54087,483.8
"Summers, WV",54089,367.73
"Taylor, WV",54091,175.7
"Tucker, WV",54093,421.13
"Tyler, WV",54095,260.71
"Upshur, WV",54097,354.89
"Wayne, WV",54099,512.23
"Webster, WV",54101,556.18
"Wetzel, WV",54103,361.39
"Wirt, WV",54105,234.85
"Wood, WV",54107,376.98
"Wyoming, WV",54109,501.85
WISCONSIN,55000,65503.21
"Adams, WI",55001,688.57
"Ashland, WI",55003,2294.11
"Barron, WI",55005,890.08
"Bayfield, WI",55007,2041.75
"Brown, WI",55009,615.47
"Buffalo, WI",55011,709.63
"Burnett, WI",55013,880.44
"Calumet, WI",55015,397.06
"Chippewa, WI",55017,1041.36
"Clark, WI",55019,1219.14
"Columbia, WI",55021,795.78
"Crawford, WI",55023,599.29
"Dane, WI",55025,1238.43
"Dodge, WI",55027,907.08
"Door, WI",55029,2369.94
"Douglas, WI",55031,1480.03
"Dunn, WI",55033,863.96
"Eau Claire, WI",55035,645.31
"Florence, WI",55037,497.52
"Fond du Lac, WI",55039,765.87
"Forest, WI",55041,1046.49
"Grant, WI",55043,1183.44
"Green, WI",55045,584.62
"Green Lake, WI",55047,380.46
"Iowa, WI",55049,768.16
"Iron, WI",55051,919.29
"Jackson, WI",55053,1000.08
"Jefferson, WI",55055,582.8
"Juneau, WI",55057,804.22
"Kenosha, WI",55059,754.36
"Kewaunee, WI",55061,1084.61
"La Crosse, WI",55063,479.96
"Lafayette, WI",55065,634.62
"Langlade, WI",55067,887.95
"Lincoln, WI",55069,906.97
"Manitowoc, WI",55071,1493.85
"Marathon, WI",55073,1576.24
"Marinette, WI",55075,1550.26
"Marquette, WI",55077,464.46
"Menominee, WI",55078,365.02
"Milwaukee, WI",55079,1189.8
"Monroe, WI",55081,908.47
"Oconto, WI",55083,1149.18
"Oneida, WI",55085,1236.11
"Outagamie, WI",55087,644.46
"Ozaukee, WI",55089,1116.3
"Pepin, WI",55091,248.7
"Pierce, WI",55093,591.62
"Polk, WI",55095,956.33
"Portage, WI",55097,822.82
"Price, WI",55099,1278.57
"Racine, WI",55101,791.98
"Richland, WI",55103,589.45
"Rock, WI",55105,726.26
"Rusk, WI",55107,930.96
"St. Croix, WI",55109,735.85
"Sauk, WI",55111,848.51
"Sawyer, WI",55113,1350.44
"Shawano, WI",55115,909.39
"Sheboygan, WI",55117,1271.07
"Taylor, WI",55119,984.58
"Trempealeau, WI",55121,742.05
"Vernon, WI",55123,816.5
"Vilas, WI",55125,1017.92
"Walworth, WI",55127,576.55
"Washburn, WI",55129,853.13
"Washington, WI",55131,435.92
"Waukesha, WI",55133,580.52
"Waupaca, WI",55135,765.38
"Waushara, WI",55137,637.44
"Winnebago, WI",55139,578.75
"Wood, WI",55141,809.51
WYOMING,56000,97818.11
"Albany, WY",56001,4309.03
"Big Horn, WY",56003,3159.1
"Campbell, WY",56005,4801.69
"Carbon, WY",56007,7964.44
"Converse, WY",56009,4265.29
"Crook, WY",56011,2870.61
"Fremont, WY",56013,9266.21
"Goshen, WY",56015,2232.31
"Hot Springs, WY",56017,2006.32
"Johnson, WY",56019,4174.86
"Laramie, WY",56021,2687.82
"Lincoln, WY",56023,4089.23
"Natrona, WY",56025,5375.91
"Niobrara, WY",56027,2627.99
"Park, WY",56029,6968.85
"Platte, WY",56031,2111.02
"Sheridan, WY",56033,2527.14
"Sublette, WY",56035,4935.97
"Sweetwater, WY",56037,10491.73
"Teton, WY",56039,4221.96
"Uinta, WY",56041,2087.66
"Washakie, WY",56043,2242.85
"Weston, WY",56045,2400.13